"node_id","degree_centrality","betweenness_centrality","closeness_centrality","eigenvector_centrality","node_degree","cluster"
953,0.104549854791868,0.00234850598938405,0.401009316770186,0.0520243045127818,108,2
1323,0.0735721200387222,0.000132159216132983,0.360055768560474,0.0376609089941391,76,2
1370,0.107454017424976,0.000385266227591984,0.386312640239342,0.0575540368352355,111,2
1553,0.0348499515972895,0.0127942432543513,0.377007299270073,0.00693075356866437,36,1
1571,0.0571151984511133,0.00075626152222039,0.374411018484958,0.0264808297939746,59,2
1078,0.176185866408519,0.00153742298929176,0.415526950925181,0.0928725645429575,182,2
1551,0.164569215876089,0.00127362559069355,0.40541601255887,0.0844678518402891,170,2
1793,0.139399806389158,0.000572162548068768,0.392328142802886,0.0756962854535969,144,2
1605,0.0861568247821878,0.000344821825055417,0.37824972537532,0.045480229301775,89,2
1804,0.187802516940949,0.00230271333168507,0.417711281843914,0.0966620376163868,194,2
1604,0.142303969022265,0.00535464336695128,0.417373737373737,0.0680226573959834,147,2
1163,0.095837366892546,0.000251325304371866,0.384873323397914,0.0530184490401781,99,2
1083,0.101645692158761,0.00077620285172398,0.385879716100112,0.0526725842493265,105,2
1471,0.162633107454017,0.00604050592505528,0.410735586481113,0.0839466847347408,168,2
1621,0.181994191674734,0.00553461061443188,0.422840769545641,0.0945490710554062,188,2
1487,0.0600193610842207,0.0086083545650589,0.424928013163307,0.00605489421645523,62,2
1172,0.108422071636012,0.000625226097706849,0.393523809523809,0.0609683819321379,112,2
1191,0.105517909002904,0.000608719788653534,0.385303991048116,0.0555442185405121,109,2
1590,0.0842207163601162,0.0024892356115369,0.385016772269847,0.0387917997333303,87,2
997,0.0919651500484027,0.00022160458214784,0.362456140350877,0.0443271743390182,95,2
1888,0.244917715392062,0.00618998819589005,0.433487201007134,0.116632981955166,253,2
1675,0.112294288480155,0.00293247777760703,0.410898965791567,0.0558926883538669,116,2
1613,0.175217812197483,0.00211988697145406,0.415526950925181,0.0908291366158654,181,2
1714,0.180058083252662,0.00119663160322569,0.409595559080095,0.0954715659794979,186,2
1662,0.140367860600194,0.000698383848726737,0.398995751255311,0.0769224973433004,145,2
484,0.0648596321393998,0.00914515583685702,0.41889699918897,0.00474215589920495,67,2
1707,0.178121974830591,0.00139974831085446,0.409433214427269,0.0926556884023807,184,2
1563,0.107454017424976,0.00107027165977736,0.39684978870534,0.0576156320582781,111,2
1056,0.0619554695062924,0.000519056900529409,0.372924187725632,0.0270047604074033,64,2
1173,0.110358180058083,0.00909439087165439,0.403831118060985,0.0478686845486708,114,2
1741,0.0997095837366893,0.000712846279881443,0.389223813112283,0.0534135204395069,103,2
1610,0.172313649564376,0.00121727801320461,0.399458623356535,0.0881941708441001,178,2
1589,0.197483059051307,0.00208942747562576,0.418049372723594,0.101985502628114,204,2
1809,0.108422071636012,0.000581041398263557,0.387326584176978,0.0556867330220882,112,2
1331,0.140367860600194,0.000906285538679222,0.386457164234942,0.0733042186979771,145,2
1160,0.0842207163601162,0.000817823424888889,0.380619012527634,0.0393590896517281,87,2
1559,0.179090029041626,0.00283924432234285,0.407977883096367,0.0929017461885768,185,2
1868,0.116166505324298,0.000726630344102314,0.391287878787879,0.0594628409452013,120,2
1156,0.0948693126815102,0.000444773781544584,0.385735623599701,0.0506510325260556,98,2
1107,0.135527589545015,0.000631994556405848,0.384157679434734,0.0724437468922085,140,2
1086,0.197483059051307,0.106557347172329,0.482935951379149,0.0858349980325785,204,2
1029,0.0755082284607938,0.0117975270893161,0.403515625,0.0288321040115995,78,2
995,0.0629235237173282,0.00365532527692907,0.378943506969919,0.0234798445471795,65,2
1040,0.063891577928364,0.000197363496492421,0.354860872552388,0.0307469067169659,66,1
1391,0.168441432720232,0.00205195386963725,0.414028056112224,0.0865441733888615,174,2
1377,0.18296224588577,0.0041507999472575,0.433305369127517,0.0901876859892729,189,2
1214,0.109390125847047,0.00339046213280796,0.39397406559878,0.0525323854596328,113,2
1256,0.1297192642788,0.000924680268345302,0.392030360531309,0.0649820634686078,134,2
1670,0.00968054211035818,0.000841518574054033,0.313600485731633,0.00151420456471164,10,1
1361,0.131655372700871,0.0033746119141674,0.395482388973966,0.0644631470243696,136,2
1359,0.0803484995159729,0.000281882991005349,0.358929812369701,0.0365205015971629,83,2
1663,0.226524685382381,0.00558206377119943,0.433123689727463,0.109571088943617,234,2
1580,0.0793804453049371,0.000203292191165833,0.357563170647283,0.0421861934716823,82,2
1736,0.150048402710552,0.000995198202831173,0.397919876733436,0.0809837144900904,155,2
1842,0.114230396902227,0.000514590637620541,0.388345864661654,0.0605788630850556,118,2
1609,0.0880929332042594,0.000407088512519033,0.383444691907944,0.0427231153885171,91,2
1665,0.121974830590513,0.000495698548683499,0.393074581430746,0.0645805447560398,126,2
1791,0.125847047434656,0.00320587854349814,0.403673309886674,0.0664761042583887,130,2
1470,0.0677637947725073,0.00114663658765239,0.360558464223386,0.0302544230061882,70,2
1201,0.0551790900290416,0.00012213568388061,0.37158273381295,0.0281622407175304,57,1
1509,0.125847047434656,0.00224549484550549,0.407495069033531,0.0660474756473628,130,2
1622,0.170377541142304,0.00192753859659654,0.414526484751204,0.0862379012713492,176,2
1222,0.13649564375605,0.00653871093823845,0.423881821912187,0.0670561745958078,141,2
1409,0.101645692158761,0.0031148921835328,0.39442535318824,0.0475369943162584,105,2
1271,0.0919651500484027,0.000488147404469412,0.386746536877574,0.0489762689029778,95,2
1389,0.0435624394966118,7.74458646485695e-05,0.371716444764304,0.0232542280466845,45,1
1238,0.146176185866409,0.00389487558734045,0.413696435722867,0.0692405290843574,151,2
1243,0.107454017424976,0.00194134257515011,0.406692913385827,0.0566072305578482,111,2
1685,0.0890609874152953,0.000510480770258741,0.377972923527259,0.0478442816186563,92,2
1199,0.209099709583737,0.00280567823850818,0.420602605863192,0.104728961346236,216,2
1637,0.0948693126815102,0.00249655253554594,0.391733029958286,0.0449835816970244,98,2
1722,0.05324298160697,0.00122065801310071,0.37238644556597,0.0219331559791151,55,1
1530,0.100677637947725,0.000136193020847697,0.377144943410004,0.0605738629947841,104,2
1047,0.0619554695062924,0.000357112067190291,0.360936408106219,0.0321589855996459,64,1
1059,0.158760890609874,0.00222784450956875,0.416364369205965,0.083617177153548,164,2
1826,0.0977734753146176,0.000212056517458118,0.376869755563663,0.0543063083256077,101,2
897,0.0629235237173282,0.00178084958521067,0.369985673352436,0.0230492968366653,65,2
1849,0.114230396902227,0.00026927622380196,0.389958474896187,0.0662630044382614,118,2
1330,0.117134559535334,0.00212563352488634,0.398533950617284,0.062320142116323,121,2
932,0.0600193610842207,0.000368649427968654,0.351599727705922,0.0265530352487946,62,1
1902,0.124878993223621,0.00177687699831941,0.403989049667579,0.0668888468246459,129,2
1520,0.112294288480155,0.00118903419141433,0.397307692307692,0.0593544357885268,116,2
1861,0.0948693126815102,0.00512778792212376,0.395937140666922,0.0431365388989303,98,2
978,0.0997095837366893,0.00337178512373914,0.395937140666922,0.0555372525614522,103,2
1289,0.0813165537270087,0.000424650428216713,0.381744271988174,0.048170669818394,84,2
1431,0.212003872216844,0.0138984322708695,0.422494887525562,0.104802840994586,219,2
1230,0.120038722168441,0.00064008022914986,0.39277566539924,0.0655083302226263,124,2
1813,0.150048402710552,0.00605174269716557,0.425628347754429,0.0710274979113899,155,2
1124,0.124878993223621,0.00273861765109551,0.392328142802886,0.0581662133004727,129,2
1483,0.0919651500484027,0.00150335716156959,0.389223813112283,0.0441820711766044,95,2
1117,0.117134559535334,0.00149833973335342,0.395633856759862,0.0636641878845276,121,2
1730,0.217812197483059,0.00655712167555607,0.434398654331371,0.102510392541894,225,2
1280,0.0726040658276864,0.000497362745114676,0.357934857934858,0.034275785942114,75,2
1620,0.122942884801549,0.0136765969628355,0.436233108108108,0.0528286602984114,127,2
1488,0.1297192642788,0.00101063651922288,0.395633856759862,0.0665638564552306,134,2
1336,0.0522749273959342,2.29683684112044e-05,0.341713529606351,0.0288339479417267,54,1
1688,0.0909970958373669,0.00945075492513959,0.411881977671451,0.0367509439899028,94,2
1205,0.0977734753146176,0.000284962255119987,0.371984155563558,0.0478055960430705,101,2
1898,0.0968054211035818,0.000346542807051577,0.381180811808118,0.0487618670615391,100,2
1517,0.0338818973862536,4.6498795105744e-05,0.364245416078984,0.0171164469886388,35,1
1135,0.0648596321393998,0.00175913221532772,0.400853705859527,0.0340563796250411,67,2
1619,0.109390125847047,0.000641738182421303,0.390843738176315,0.0568661148818218,113,2
1768,0.20135527589545,0.00722035076083397,0.432036804684233,0.0945796429315492,208,2
1447,0.13649564375605,0.0022057567265248,0.401165048543689,0.0670750559674372,141,2
1800,0.23620522749274,0.00874815059347469,0.444683598794662,0.112373145705124,244,2
1717,0.133591481122943,0.00138141190329163,0.405098039215686,0.0709382509286441,138,2
993,0.14811229428848,0.00262372698006969,0.417711281843914,0.0781107252949576,153,2
1456,0.126815101645692,0.000897961305878785,0.394124380007631,0.0660892618565791,131,2
1390,0.185866408518877,0.00298025774210558,0.425453047775947,0.0950266344793555,192,2
1643,0.095837366892546,0.00025566966167773,0.39277566539924,0.0553644437579345,99,2
1265,0.0290416263310745,9.6420922472496e-05,0.356206896551724,0.0113163984663693,30,1
1891,0.0677637947725073,0.000345039158989929,0.373598553345389,0.036826393718064,70,2
921,0.101645692158761,0.00481125082120299,0.404939239513916,0.0533998009134583,105,2
1126,0.190706679574056,0.00641424099758738,0.420945395273024,0.0975391275834109,197,2
1811,0.0600193610842207,0.000224862990771701,0.363732394366197,0.031275417520791,62,1
1460,0.0435624394966118,0.000798220778708833,0.355961405926947,0.0170126422463808,45,1
1753,0.0784123910939013,0.000383111665597116,0.390843738176315,0.0435355218238131,81,2
1617,0.112294288480155,0.000688263866935365,0.394726786396637,0.0610056068601745,116,2
1149,0.0977734753146176,0.000620934830057531,0.392477203647416,0.0546176133101282,101,2
1076,0.13649564375605,0.0020596772298851,0.403831118060985,0.0746951341075247,141,2
1554,0.153920619554695,0.00163886601059898,0.405256963515104,0.0808503274637976,159,2
906,0.074540174249758,0.000309810923645335,0.375909752547307,0.0373626658725866,77,2
1255,0.119070667957406,0.00116504102027334,0.401165048543689,0.0636790006604144,123,2
1669,0.131655372700871,0.000607487464684573,0.399304213374565,0.0706943110358949,136,2
925,0.160696999031946,0.00226418030355267,0.409920634920635,0.0788510420768238,166,2
1839,0.158760890609874,0.00174236433963326,0.39442535318824,0.0830844688748554,164,2
980,0.122942884801549,0.00202192526380392,0.40414710485133,0.0632077037496805,127,2
1799,0.146176185866409,0.000915907729930122,0.402101985208252,0.0788719371950412,151,2
1570,0.119070667957406,0.00135934210902857,0.402729044834308,0.0580804667532923,123,2
1146,0.141335914811229,0.00403583723460586,0.413696435722867,0.0735376643040436,146,2
1835,0.175217812197483,0.00645553138554028,0.422322158626329,0.0861620513014732,181,2
1335,0.122942884801549,0.000774797188133557,0.395179801071155,0.0708890174312002,127,2
1352,0.225556631171346,0.00740270426223636,0.436048965808358,0.108546118169593,233,2
1535,0.0609874152952565,0.000317219300980042,0.369324276010011,0.0289575174614956,63,2
1407,0.0348499515972895,0.00045884448015114,0.367223604692499,0.0144706517431782,36,1
1789,0.0987415295256534,0.000321006988806181,0.385016772269847,0.0538712127221937,102,2
1547,0.117134559535334,0.000289633283049871,0.389517345399698,0.0661942848985887,121,2
1877,0.0609874152952565,0.000206700746332956,0.382734346054094,0.0319619032048988,63,2
1598,0.130687318489835,0.00616482017172313,0.415526950925181,0.0669289389728776,135,2
1480,0.0890609874152953,0.00458381171084428,0.391881638846737,0.039998494644483,92,2
1538,0.0687318489835431,0.000297064388295097,0.366832386363636,0.0364545238262005,71,2
1339,0.095837366892546,0.00487598982938127,0.395633856759862,0.052916652545233,99,2
1712,0.100677637947725,0.000310217985330651,0.373733719247467,0.0546725760980662,104,2
1185,0.150048402710552,0.000716582672793609,0.40541601255887,0.0823261649660957,155,2
1796,0.0677637947725073,6.52887245059557e-05,0.348986486486487,0.038587752326143,70,1
1198,0.0793804453049371,0.000113380368505151,0.383018168335187,0.0478133285471804,82,2
966,0.110358180058083,0.000290627265101209,0.386601796407186,0.061542015681241,114,2
1879,0.144240077444337,0.000586138350193499,0.398380254531431,0.0802743832451007,149,2
1184,0.151984511132623,0.0017983769465837,0.412210694333599,0.0805930310129604,157,2
1207,0.0687318489835431,0.000510445033684855,0.383018168335187,0.0358160821668602,71,2
1024,0.0813165537270087,0.00182651318866732,0.381462333825702,0.0425738410201052,84,2
1367,0.15972894482091,0.00212822279207204,0.411881977671451,0.0826037921351526,165,2
1737,0.0755082284607938,0.000119262772234018,0.375636363636364,0.0428563032958909,78,2
1463,0.00871248789932236,4.86994492330638e-05,0.354495538778312,0.00509756340546186,9,1
1250,0.131655372700871,0.000975714529567645,0.403989049667579,0.0689164493027209,136,2
1632,0.0755082284607938,0.000318568416069256,0.379221732745962,0.0423232544560354,78,2
1242,0.0890609874152953,0.000343545086266292,0.38544776119403,0.0475416218649181,92,2
1153,0.133591481122943,0.000658407661816301,0.398687765341567,0.0702171732619465,138,2
1175,0.126815101645692,0.00140560293367653,0.404305283757339,0.0617777594937103,131,2
1652,0.0774443368828654,0.000242990413409155,0.381744271988174,0.0407043745402116,80,2
1653,0.0706679574056147,8.67123976431457e-05,0.365405022992572,0.0390925785877808,73,2
1819,0.0842207163601162,0.000663827391747601,0.389664277631083,0.0433707082119068,87,2
1004,0.115198451113262,0.00085728525890348,0.391287878787879,0.063408635768062,119,2
1827,0.193610842207164,0.00557582054185536,0.424404272801972,0.094697622269257,200,2
1006,0.13649564375605,0.00171641999283298,0.396697388632873,0.0707547090725933,141,2
1344,0.0871248789932236,0.000456527062024558,0.386746536877574,0.0447937535857197,90,2
1132,0.13649564375605,0.000651179169796873,0.390253116735927,0.0736455325519042,141,2
1556,0.0232333010648596,9.63039804168391e-05,0.355593803786575,0.0126463073275176,24,1
1416,0.10648596321394,0.000560464568589217,0.3982266769468,0.0580079487350909,110,2
1491,0.120038722168441,0.00071204484254157,0.387617260787992,0.0685716626107892,124,2
1376,0.175217812197483,0.00185576913296413,0.41569416498994,0.0894230733863985,181,2
1584,0.203291384317522,0.0502522172885371,0.464269662921348,0.0979661953408349,210,2
1572,0.0406582768635044,2.9948388620931e-05,0.347928595486696,0.0189917015009011,42,1
1557,0.145208131655373,0.00138915617880716,0.412539936102236,0.0734906644361013,150,2
1600,0.112294288480155,0.000905160939287347,0.40621313409359,0.0574650859439955,116,2
1101,0.11810261374637,0.000954571951139153,0.39397406559878,0.0641382902747708,122,2
1668,0.117134559535334,0.000635219716576089,0.393224210125619,0.0651841800481643,121,2
1112,0.0513068731848984,0.000131116749673123,0.3695885509839,0.0255604696527828,53,1
1380,0.0813165537270087,0.0001276081870405,0.365922777187389,0.0455734897593017,84,2
1810,0.0977734753146176,0.000399334231707739,0.386023916292975,0.054144716157392,101,2
1867,0.11810261374637,0.0015944182501119,0.410572337042925,0.06079658420948,122,2
1340,0.0600193610842207,5.86656483357555e-05,0.354617233093031,0.0309847672213619,62,1
1180,0.042594385285576,0.00016106376209989,0.373328514636791,0.0232937953238502,44,1
1750,0.121006776379477,0.00218545700120139,0.410572337042925,0.0666809596927269,125,2
1746,0.194578896418199,0.00886843555468986,0.436417405999155,0.0996620482661065,201,2
1689,0.119070667957406,0.000474306955711161,0.39277566539924,0.0641736945973976,123,2
1341,0.11810261374637,0.000628032457352906,0.393523809523809,0.0661135419086136,122,2
1516,0.152952565343659,0.000739631295756719,0.404622013317666,0.0867789349998708,158,2
1209,0.0726040658276864,0.000222179555814956,0.373598553345389,0.0365323347143531,75,2
1612,0.18296224588577,0.00154719909324302,0.408300395256917,0.0929890014204175,189,2
1375,0.0706679574056147,0.000221427877168461,0.380899705014749,0.036653605857931,73,2
960,0.0987415295256534,0.00176866069354419,0.387617260787992,0.0504030838927957,102,2
1539,0.0755082284607938,0.000248280248732665,0.393224210125619,0.0431454735816051,78,2
1003,0.0909970958373669,0.0021468099390986,0.391287878787879,0.0450686787659864,94,2
1291,0.108422071636012,0.000492118326288669,0.396240889911776,0.0629453429741693,112,2
1683,0.11810261374637,0.00537030189479537,0.409270998415214,0.0616466315634552,122,2
1532,0.0367860600193611,2.51318123158768e-05,0.341487603305785,0.0196834169246165,38,1
1833,0.183930300096805,0.00235454838659798,0.419066937119675,0.0973207793863103,190,2
1125,0.112294288480155,0.000440863869303717,0.388638073739654,0.0620051334149915,116,2
1864,0.102613746369797,0.000882628332273039,0.393673780487805,0.0512604862727412,106,2
1420,0.142303969022265,0.00654774188749576,0.416364369205965,0.0730660646029308,147,2
1211,0.166505324298161,0.00256938328264423,0.410735586481113,0.0882473745448965,172,2
1017,0.143272023233301,0.00378016490340714,0.396088957055215,0.0761835524308073,148,2
1293,0.0454985479186834,2.48810048674028e-05,0.347811447811448,0.0277511212031495,47,1
1886,0.100677637947725,0.00225865112476642,0.395482388973966,0.0553761235305449,104,2
1754,0.0542110358180058,0.000327836355497142,0.380899705014749,0.0254142201921664,56,2
1039,0.0251694094869313,6.52447792771137e-06,0.319715258433921,0.0120115277884599,26,1
1608,0.112294288480155,0.000812434345851309,0.40007745933385,0.0615911728044706,116,2
1388,0.0803484995159729,0.000147951730698397,0.356452726017943,0.0399339724814643,83,2
1597,0.107454017424976,0.00105959107539594,0.39158453373768,0.0597372263677823,111,2
1735,0.104549854791868,0.000550678417895025,0.395028680688337,0.0586458902137554,108,2
1772,0.0580832526621491,0.000253483374555061,0.349576988155668,0.03096721553746,60,1
1761,0.116166505324298,0.0111101985805696,0.413034786085566,0.0597892034265218,120,2
1219,0.0513068731848984,0.000256563709147345,0.349576988155668,0.0283468431115844,53,1
1399,0.17134559535334,0.00452430460548946,0.418049372723594,0.0908761235786513,177,2
1285,0.0522749273959342,0.000137010466152864,0.357563170647283,0.0261331404694922,54,1
1823,0.121974830590513,0.000851851268161282,0.400853705859527,0.0699007130021063,126,2
916,0.141335914811229,0.00254515913760534,0.400387596899225,0.0729990007638035,146,2
1845,0.0968054211035818,0.00177725000443992,0.387181409295352,0.0440611719334962,100,2
1721,0.110358180058083,0.000490389699566018,0.392626377803117,0.0627707966263411,114,2
1074,0.0600193610842207,0.002036161708714,0.372789606640202,0.026924083555491,62,2
1130,0.0629235237173282,0.000450725849952691,0.37866568914956,0.0329246605568735,65,2
1302,0.102613746369797,0.000366930155158433,0.392477203647416,0.0614998598070356,106,2
1288,0.0880929332042594,0.000288013235369655,0.371850251979842,0.0467699980252287,91,2
1079,0.11810261374637,0.0004535696972024,0.397307692307692,0.066693309763551,122,2
946,0.15972894482091,0.00275789604776433,0.411553784860558,0.0821592111265797,165,2
1457,0.0590513068731849,0.000193862197221141,0.374275362318841,0.0335191224411545,61,2
1267,0.115198451113262,0.000313278629966705,0.39442535318824,0.0669978810939174,119,2
1181,0.085188770571152,0.000116072517429821,0.367354196301565,0.0499681898578455,88,2
1402,0.0706679574056147,0.000160126091941889,0.371315600287563,0.0387718293365758,73,2
1542,0.0522749273959342,0.000156076970692086,0.35510484702647,0.0279284332040476,54,1
1437,0.05324298160697,0.00236511443098343,0.37078248384781,0.0239891686856913,55,1
1068,0.0464666021297193,0.000931839775801485,0.37852693294247,0.0221990908674363,48,1
1603,0.139399806389158,0.000702797632520314,0.405256963515104,0.0788308909103696,144,2
1351,0.063891577928364,0.000146981695984959,0.372520735665344,0.0392120157126478,66,2
999,0.0735721200387222,0.000205620371236312,0.37051649928264,0.043490846930459,76,2
1816,0.125847047434656,0.000384886389521298,0.383444691907944,0.069639956060664,130,2
1467,0.119070667957406,0.0139633721677654,0.409920634920635,0.0620968440513296,123,2
1393,0.0503388189738625,0.00334271844582512,0.3870363431997,0.0220621076401343,52,2
934,0.0784123910939013,0.00167827607513974,0.398841698841699,0.0489545699794498,81,2
1522,0.150048402710552,0.00210934682753513,0.415861513687601,0.0789920454359504,155,2
1623,0.095837366892546,0.000289471353540786,0.360684357541899,0.0542590457921975,99,2
1700,0.0154888673765731,0.000141286560825889,0.328040647824706,0.00740052113906152,16,1
1757,0.125847047434656,0.000745268261811354,0.40007745933385,0.0694434324836476,130,2
1752,0.110358180058083,0.000701925752837646,0.381040206565843,0.0605072772572481,114,2
1449,0.0861568247821878,0.00146331277335919,0.387762762762763,0.0442379099178234,89,2
952,0.0803484995159729,0.000104444713385314,0.38544776119403,0.0501221303508612,83,2
1123,0.0677637947725073,0.00119896650572688,0.375090777051561,0.0293219335219325,70,2
1054,0.0513068731848984,0.00110199586510708,0.38790837401427,0.0232089459975538,53,2
983,0.0590513068731849,0.000157817965220473,0.360558464223386,0.0294667624200853,61,1
1269,0.121006776379477,0.000620763841517752,0.397613548883757,0.0656517848130312,125,2
1485,0.0445304937076476,9.94643854745786e-05,0.34137475214805,0.020269307384848,46,1
1196,0.0242013552758954,0.000694617756613883,0.327105763141229,0.00943493661009838,25,1
1863,0.0464666021297193,0.00148740010686043,0.348986486486487,0.0144627523657157,48,1
1026,0.0764762826718296,0.00109208878545334,0.385591638671146,0.0395450591220088,79,2
1305,0.0997095837366893,0.00204428150596184,0.384014869888476,0.0497225265781295,103,2
1851,0.0396902226524685,0.00160141430370071,0.354009595613434,0.0150203943996161,41,1
1528,0.0667957405614714,0.0021542807236855,0.38544776119403,0.029929293473769,69,2
1846,0.0358180058083253,0.000606964335254344,0.350288233299424,0.0111886187880461,37,1
927,0.0716360116166505,0.00928661445252229,0.404463586530932,0.0353953601920549,74,2
1765,0.0629235237173282,0.00112476911379433,0.383587077608615,0.028100411838683,65,2
1398,0.0416263310745402,6.98543741234098e-05,0.340586877678866,0.0200345347999977,43,1
1195,0.0464666021297193,0.00013974803706664,0.355471438403304,0.0234873406817404,48,1
1312,0.0764762826718296,0.00139499496611679,0.393074581430746,0.038555407151691,79,2
1110,0.0667957405614714,0.00857748589089364,0.407495069033531,0.026234081651852,69,2
1272,0.0803484995159729,0.00109943940234887,0.383872166480862,0.0418425284548721,83,2
1484,0.0203291384317522,4.6331314590486e-05,0.328249126151891,0.00988702152125901,21,1
1644,0.0658276863504356,0.000442099384909401,0.365663716814159,0.0304083104794355,68,2
967,0.102613746369797,0.00140527360075087,0.394576012223071,0.0487769616976287,106,2
1724,0.0561471442400774,0.000829542235230966,0.380338733431517,0.0245333089537322,58,2
1334,0.095837366892546,0.0188945849561435,0.441076003415884,0.0419510892659215,99,2
1329,0.130687318489835,0.00141928139234976,0.412704754294846,0.0645391547347539,135,2
1540,0.0658276863504356,0.0151504107209924,0.408946951702296,0.0222698653102077,68,2
1513,0.0493707647628267,0.00087585209515577,0.37238644556597,0.0183976873212187,51,1
1639,0.074540174249758,0.00114967294267394,0.384729981378026,0.0361705413968787,77,2
1405,0.0290416263310745,0.00137851030580314,0.343646041250832,0.00995062672290075,30,1
1614,0.0677637947725073,0.000275634913047839,0.373193641618497,0.0354114026211909,70,2
1782,0.063891577928364,0.0004129406370804,0.375090777051561,0.0319235679548144,66,2
1075,0.0764762826718296,0.00223770148238687,0.389223813112283,0.0341918571612329,79,2
1774,0.0377541142303969,0.000885224628290048,0.344563042028019,0.0148750554093428,39,1
1048,0.101645692158761,0.00227086510482518,0.398380254531431,0.0494913868367086,105,2
947,0.110358180058083,0.00517771665133788,0.40007745933385,0.0625223349683589,114,2
1278,0.0338818973862536,0.00238822129911195,0.367746529013884,0.0150219431361165,35,1
1523,0.0658276863504356,0.00197168838775354,0.383872166480862,0.0269415399590913,68,2
1049,0.0784123910939013,0.00356395762740797,0.393523809523809,0.0375025728163463,81,2
1795,0.085188770571152,0.000174903809009322,0.368270944741533,0.0457999509102052,88,2
1524,0.0387221684414327,3.77487010982899e-05,0.342506631299735,0.0216124983005353,40,1
1435,0.05324298160697,0.0105301494823111,0.424578709412248,0.0138711433683827,55,2
1290,0.0832526621490804,0.000391388114348119,0.380759307040177,0.0413734956474769,86,2
1128,0.0939012584704744,0.00935741323982831,0.427566225165563,0.0497955168635874,97,2
1544,0.0135527589545015,0.00075040492119409,0.315612587839902,0.00201643972634614,14,1
1659,0.0784123910939013,0.000192134456146823,0.384443617417194,0.0414204220393904,81,2
526,0.0735721200387222,0.0148113072821552,0.425277892136682,0.0173698203065249,76,2
1116,0.0271055179090029,2.8010246060153e-05,0.341261975553353,0.0134255978704683,28,1
1519,0.0309777347531462,0.0016103329455194,0.363604364660331,0.00865386445026712,32,1
1182,0.0629235237173282,0.0019218003188625,0.383872166480862,0.032866302162527,65,2
1164,0.0251694094869313,2.24666319978112e-05,0.369853204439671,0.0136754773063062,26,1
1843,0.0377541142303969,0.00039873316660164,0.367093105899076,0.0189061783645419,39,1
1723,0.0464666021297193,3.14993878157768e-05,0.343646041250832,0.0270721552224786,48,1
1028,0.063891577928364,0.000168530862489728,0.373463485177151,0.0363872169518041,66,2
1287,0.0629235237173282,3.7429875000461e-05,0.362201963534362,0.0395536231416114,65,2
1734,0.0464666021297193,0.000203328584581948,0.368402282453638,0.0262063078570508,48,1
1439,0.0193610842207164,6.23288917504813e-07,0.332903641637125,0.0138564938880707,20,1
1365,0.0396902226524685,2.75526390294808e-05,0.354252400548697,0.0225238454691274,41,1
1594,0.0145208131655373,0.000784072572501433,0.323216520650814,0.00338557126882974,15,1
1223,0.0203291384317522,0.00138004389651194,0.378111273792094,0.00109090488403238,21,1
1369,0.0503388189738625,0.00576383980245608,0.363988724453841,0.0149771202632905,52,1
1092,0.0474346563407551,0.000271188101228453,0.345138656866021,0.0242401564098439,49,1
1561,0.0232333010648596,0.0027262391313403,0.359804946011843,0.00293598267494928,24,1
1091,0.0183930300096805,0.0132415402111134,0.369985673352436,0.00923316125952033,19,1
1832,0.0435624394966118,0.000126187669011106,0.359679665738162,0.0206070946236273,45,1
982,0.0648596321393998,0.00126107683884745,0.346295675494469,0.0337411394266513,67,1
959,0.0435624394966118,0.000113111560822037,0.335716607084823,0.018560404542195,45,1
1618,0.0222652468538238,0.000290281642306512,0.339802631578947,0.00719137317480948,23,1
1327,0.0464666021297193,0.00462077184453238,0.377420533430764,0.0124060860253114,48,1
1411,0.00871248789932236,6.95676187207441e-05,0.328562340966921,0.00275663953909695,9,1
1283,0.0300096805421104,0.00544479898288898,0.349813748730105,0.00372151791312338,31,1
1200,0.00290416263310745,0.000281250632240665,0.284573002754821,5.17039234189576e-06,3,1
1202,0.00774443368828654,0.00655405357629931,0.306619174829326,3.17101742599098e-05,8,1
1574,0.063891577928364,0.0047467284041871,0.382167961524232,0.000564814518758183,66,1
1268,0.00968054211035818,0.00159257375332649,0.32783243414789,4.05461553707165e-05,10,1
1064,0.0251694094869313,0.00413472659792233,0.342733908427339,0.000139461494472092,26,1
1326,0.000968054211035818,0,0.234719381958646,2.57356057918036e-07,1,1
1858,0.0271055179090029,0.00497633156216853,0.341036645757676,0.00337647823874158,28,1
1077,0.0135527589545015,0.00184698594085762,0.310303394412737,0.000344742423874948,14,1
1253,0.00193610842207164,0,0.234772727272727,2.59461819631312e-07,2,1
1071,0.00193610842207164,0,0.234772727272727,2.59461819631018e-07,2,1
1836,0.0232333010648596,4.53855220458297e-05,0.334412431207511,0.00900498552342971,24,1
1860,0.0154888673765731,0.00379623461530982,0.331408405518126,0.00286119592303848,16,1
1458,0.0309777347531462,0.000240391460066783,0.333764135702746,0.0097684463979606,32,1
922,0.0280735721200387,0.000318752116109208,0.340699208443272,0.00897501759999641,29,1
1852,0.0203291384317522,0.000369698579928574,0.323418910457107,0.00244801115601255,21,1
1874,0.0116166505324298,4.04627020596841e-06,0.318041871921182,0.00591467564160249,12,1
1769,0.0232333010648596,5.22647065594829e-05,0.335825747724317,0.00864747057585332,24,1
1718,0.0445304937076476,0.00320328291235544,0.369324276010011,0.0123036084686784,46,1
1401,0.010648596321394,0.000958265142873323,0.323317683881064,0.00636863577597389,11,1
926,0.0193610842207164,6.4277525241721e-05,0.329505582137161,0.00856370666193889,20,1
1084,0.0135527589545015,1.33113854707682e-05,0.333118348919703,0.00404344426245294,14,1
998,0.00774443368828654,3.19767321498606e-05,0.311519903498191,0.00201035606680142,8,1
1698,0.0174249757986447,0.00100951719962483,0.327728426395939,0.000469326441813571,18,1
913,0.0416263310745402,0.00627436651905971,0.413696435722867,0.0055022264814506,43,2
1577,0.010648596321394,0.000241720436160734,0.324231010671689,0.00193687618236262,11,1
1140,0.00774443368828654,8.8143850577692e-05,0.303466509988249,0.000420085101415596,8,1
1534,0.0174249757986447,0.00201864142559233,0.330031948881789,0.000786805365079542,18,1
1171,0.0193610842207164,0.00678452387092274,0.32845786963434,0.00135738702032498,20,1
1674,0.0232333010648596,0.00804454213434988,0.38878434324426,0.00361382987994857,24,1
1527,0.010648596321394,0.000978794730881972,0.320210787352759,0.0015863439824213,11,1
1900,0.0242013552758954,8.68668100393431e-05,0.335498538486522,0.0100492532820231,25,1
1001,0.0367860600193611,0.00310514608888973,0.40335806325654,0.00245181909944213,38,1
1549,0.0464666021297193,0.0115863098597144,0.349932249322493,0.000150191139744566,48,1
1412,0.0203291384317522,0.000510493906252917,0.337912986588158,6.48428399458619e-05,21,1
1113,0.0445304937076476,0.000526535893608374,0.356698895027624,0.000368448524099598,46,1
1228,0.021297192642788,0.000349194220818593,0.320111558723272,3.9226600385312e-05,22,1
1427,0.0629235237173282,0.00526626155249077,0.408785120696478,0.00208026783953906,65,2
1035,0.0242013552758954,0.000616593221672766,0.341939755047997,8.39908739675733e-05,25,1
924,0.042594385285576,0.0017474066187402,0.3514800952705,9.79190629934998e-05,44,1
1740,0.0348499515972895,0.000230266110925357,0.349340547852553,0.000339565939970023,36,1
1010,0.0338818973862536,0.00107483653943868,0.333333333333333,7.45181592265333e-05,35,1
1446,0.0338818973862536,0.000341531119403031,0.344218593802066,0.000160893053185346,35,1
1425,0.031945788964182,0.00183809980808167,0.347577388963661,0.000135359882338121,33,1
428,0.0396902226524685,0.00184927506666639,0.362710674157303,0.000359555041459247,41,1
1703,0.0667957405614714,0.0180993154543487,0.4057344854674,0.0010236899348095,69,2
1844,0.0667957405614714,0.0047608313297991,0.396392939370683,0.00236263181638689,69,2
1801,0.021297192642788,8.21644915729345e-05,0.332475056324429,0.000125089453429571,22,1
475,0.0387221684414327,0.000769861996308897,0.3695885509839,0.000406561065442465,40,1
1763,0.0300096805421104,0.000130136313340259,0.342279655400928,0.00020270985955413,31,1
1624,0.0329138431752178,0.000704370740494796,0.322913410440763,2.73087389190404e-05,34,1
1294,0.0203291384317522,0.000885138255419984,0.359804946011843,0.000694368591769134,21,1
641,0.0542110358180058,0.00462432003747655,0.40414710485133,0.00104393530706857,56,2
962,0.0251694094869313,0.00102614606821808,0.352079072937969,0.000165151995236777,26,1
1778,0.0358180058083253,0.00156634825774529,0.367746529013884,0.000395053415922185,37,1
1671,0.0300096805421104,0.00119306295898075,0.343189368770764,0.000246866391292612,31,1
366,0.0561471442400774,0.000977049214272422,0.367093105899076,0.000547990240949228,58,1
1565,0.0416263310745402,0.00116945168778284,0.377696526508227,0.000949526506723379,43,1
948,0.0358180058083253,0.000416165611154734,0.347694378996971,0.000349201054572569,37,1
1695,0.0280735721200387,0.000128128521366619,0.338134206219313,0.000195737490175735,29,1
1766,0.0377541142303969,0.000284156958658616,0.351719441607082,0.000303551805317818,39,1
171,0.00968054211035818,0.00766730901377368,0.300290697674419,1.42181769935533e-05,10,1
1070,0.074540174249758,0.0121121117787131,0.393673780487805,0.000463049929196053,77,2
1773,0.021297192642788,6.3315080426482e-05,0.336044242029928,0.000156503616311347,22,1
1625,0.0232333010648596,5.89856366341704e-05,0.331302116741501,0.000125192393043963,24,1
915,0.0329138431752178,0.0015754283077058,0.366572036905607,0.000478097018362767,34,1
1387,0.00774443368828654,0.00121834261617115,0.310396634615385,4.47000917992796e-05,8,1
1311,0.0222652468538238,0.000569207918038926,0.341826604897419,4.60952728497493e-05,23,1
1318,0.0387221684414327,0.00104099003596967,0.379500367376929,0.00100110978240045,40,1
1013,0.010648596321394,0.000904766215507919,0.322510146737434,2.70394054944509e-05,11,1
1297,0.00484027105517909,0.000318027178558976,0.291643139469226,1.28076335980332e-05,5,1
1210,0.0377541142303969,0.000973217429360186,0.354739010989011,0.000211825604808768,39,1
1037,0.0348499515972895,0.000808698108750938,0.351839237057221,9.81832642183448e-05,36,1
1525,0.0542110358180058,0.00273687525239783,0.39054820415879,0.000735337799095037,56,1
1142,0.0309777347531462,0.000178335944881838,0.342620232172471,0.000213531570856999,32,1
1408,0.031945788964182,0.000990453512106725,0.358058925476603,0.000381564682355489,33,1
1332,0.0396902226524685,0.000907790867296461,0.35510484702647,0.000344849789155141,41,1
1109,0.0358180058083253,0.00106197985308973,0.3378024852845,4.83788393364255e-05,37,1
930,0.0493707647628267,0.000425644060320547,0.347577388963661,0.000293619470543409,51,1
1170,0.0338818973862536,0.00183946793641721,0.340026333113891,7.31467137803141e-05,35,1
1338,0.0648596321393998,0.00487440849338381,0.3818853974122,0.000327801995631229,67,2
596,0.0261374636979671,0.00599369144492802,0.396088957055215,0.00106373950626251,27,1
1830,0.0145208131655373,0.000661685048942089,0.374275362318841,0.000764037925677433,15,1
941,0.0513068731848984,0.00127704336026948,0.335607537361923,0.00012683506188229,53,1
1502,0.0667957405614714,0.00119705602184231,0.354130956462119,0.00018812417986338,69,1
1686,0.0329138431752178,0.000870958917839151,0.352199113535629,0.000120559470385702,34,1
1273,0.0609874152952565,0.00467459454543118,0.40007745933385,0.00086643631823804,63,2
1500,0.0271055179090029,0.000347785392091469,0.341939755047997,6.97250309996098e-05,28,1
1429,0.0358180058083253,0.00251067568215096,0.397002305918524,0.000944225102840807,37,1
1159,0.0580832526621491,0.00571816535525064,0.401945525291829,0.00114646218534999,60,2
1745,0.0174249757986447,0.000843530917023306,0.357315807679004,0.000341717217856451,18,1
917,0.124878993223621,0.0489526394376071,0.436971235194585,0.00111086852498235,129,2
1781,0.0242013552758954,0.000652929549941891,0.346644295302013,0.000127562570956215,25,1
1633,0.021297192642788,0.000205238841765368,0.332475056324429,3.91036742615257e-05,22,1
1638,0.031945788964182,6.36367568940043e-05,0.331089743589744,7.36450434367247e-05,33,1
942,0.0619554695062924,0.000328186392927096,0.353888317917095,0.000152583591226836,64,1
1373,0.0696999031945789,0.00302321018501178,0.371716444764304,0.000215930255693432,72,1
1786,0.0929332042594385,0.00157759342806969,0.364117025026436,0.000235465577584176,96,2
1871,0.0784123910939013,0.000854312138657597,0.362329007365837,0.000222810454732997,81,1
1018,0.0484027105517909,0.000246661436496429,0.345831938399732,0.0001460841699022,50,1
1032,0.0755082284607938,0.00481667111317761,0.400698215671063,0.000916957453342016,78,2
1104,0.104549854791868,0.00408180712928754,0.361821366024518,0.000275473514022599,108,2
1066,0.0648596321393998,0.00114580068268133,0.362075008762706,0.000192538981973394,67,1
1716,0.0571151984511133,0.000272217897338543,0.33056,0.00011752552453817,59,1
1231,0.0706679574056147,0.000699828789360408,0.337912986588158,0.000139330427221116,73,1
1824,0.0551790900290416,0.000263520059932122,0.352559726962457,0.00015204922143351,57,1
1014,0.0948693126815102,0.00772293634364528,0.371716444764304,0.00022718908883358,98,2
1406,0.0290416263310745,0.000880640525321491,0.34479305740988,8.09075544623658e-05,30,1
1345,0.0929332042594385,0.000765084029198377,0.338688524590164,0.000150182663734817,96,1
1515,0.0658276863504356,0.000779647830822973,0.357439446366782,0.000187828095791278,68,1
1281,0.0387221684414327,0.00020152995130988,0.352439440464005,0.000145121251668353,40,1
1893,0.0793804453049371,0.00144306610434156,0.356452726017943,0.000200091652776305,82,1
1166,0.0542110358180058,0.00147935911079107,0.365405022992572,0.000182240167630976,56,1
1261,0.0648596321393998,0.00289726478683252,0.361188811188811,0.000159318524233554,67,1
1578,0.0338818973862536,0.000113830411478958,0.32783243414789,8.56482094256616e-05,35,1
1192,0.0929332042594385,0.00892452505731612,0.388199924840286,0.000884171879181082,96,2
896,0.121006776379477,0.00303378645313242,0.358058925476603,0.000244686526580203,125,2
1783,0.116166505324298,0.0154566378081948,0.387181409295352,0.000315986834908098,120,2
1099,0.05324298160697,0.000105786630369019,0.352319236016371,0.000148015764382542,55,1
1396,0.0513068731848984,0.00011058331388867,0.352079072937969,0.000140325619323503,53,1
1508,0.0309777347531462,0.000751470161746364,0.360432658757851,0.000483386177263742,32,1
483,0.160696999031946,0.0425729320599159,0.439761600681141,0.00164548204072992,166,2
1583,0.0929332042594385,0.00187568055940063,0.342279655400928,0.000161674142074238,96,1
1661,0.0764762826718296,0.000987711884563166,0.358929812369701,0.000219621119224328,79,1
1742,0.0755082284607938,0.000590461632264841,0.357686980609418,0.00019087550232805,78,1
1282,0.0648596321393998,0.000587583654875527,0.360684357541899,0.000171017557771013,67,1
1820,0.063891577928364,0.000422102741589018,0.355838787461247,0.000156833037804861,66,1
1215,0.0406582768635044,0.000298695987305056,0.333872010342599,0.00010990328202492,42,1
1495,0.063891577928364,0.000399660582780737,0.349576988155668,0.000155307773033562,66,1
1899,0.0755082284607938,0.00169332554261386,0.351241074464468,0.000146709479576624,78,1
1812,0.0416263310745402,0.000124911383177693,0.346528010734653,0.000102868420616355,43,1
1706,0.0396902226524685,0.000369334366366292,0.347694378996971,0.000111316888190092,41,1
1582,0.0387221684414327,0.000122310104790534,0.348750844024308,0.000110933791828632,40,1
971,0.031945788964182,0.000100980881910446,0.331514762516046,7.96308218824799e-05,33,1
1347,0.0706679574056147,0.00238460664677331,0.331834243495021,0.000129607987640772,73,1
954,0.0522749273959342,0.000530395090400371,0.359179415855355,0.000145001871865562,54,1
1324,0.0377541142303969,0.000512773143557633,0.353162393162393,0.000130086718358124,39,1
1732,0.0454985479186834,0.000163184382542728,0.345831938399732,0.000103231986089783,47,1
1316,0.0300096805421104,3.78608741182511e-05,0.334954604409857,9.23764673229137e-05,31,1
1148,0.0619554695062924,0.000945404992987443,0.340924092409241,0.000149561380137853,64,1
1907,0.0280735721200387,0.00113759365357009,0.385735623599701,0.000773249985500436,29,1
1848,0.0338818973862536,2.89849301310673e-05,0.348750844024308,0.00010761970358029,35,1
1204,0.102613746369797,0.002687251564318,0.359179415855355,0.000239389097015933,106,2
1451,0.0290416263310745,0.0022569299119733,0.372655122655123,0.00115345487766784,30,1
1303,0.0454985479186834,0.000514101679206031,0.352559726962457,0.000133261648339407,47,1
919,0.0271055179090029,0.000819925335299575,0.352079072937969,7.89161164110915e-05,28,1
1828,0.05324298160697,0.00145030182307176,0.362329007365837,0.000159003153888337,55,1
1404,0.0474346563407551,0.00364794578929292,0.34886862546437,0.000503611048626306,49,1
1309,0.0406582768635044,0.000179016649327391,0.349813748730105,0.000107692447258795,42,1
1284,0.0571151984511133,0.00066870159997656,0.332154340836013,0.000121661022931362,59,1
1245,0.0377541142303969,0.00515318966805719,0.392626377803117,0.00113483223198517,39,1
933,0.0232333010648596,0.000175598006360018,0.341600529100529,6.32554233874169e-05,24,1
984,0.0396902226524685,9.21121622850875e-05,0.350288233299424,0.000120140907159311,41,1
898,0.0358180058083253,3.71422639242e-05,0.331727681438664,7.2485111026568e-05,37,1
1108,0.0406582768635044,4.16097873507074e-05,0.346528010734653,0.000111144235196463,42,1
1595,0.0367860600193611,0.00236477743713362,0.390843738176315,0.00091607831903761,38,1
1729,0.0764762826718296,0.00213420944014965,0.37238644556597,0.000317171035428897,79,2
969,0.0300096805421104,7.6604669153728e-05,0.338466579292267,8.16246986674848e-05,31,1
1020,0.0551790900290416,0.00473859963170018,0.393224210125619,0.000941346272520905,57,2
1454,0.0493707647628267,0.000177337656065354,0.351360544217687,0.000122950745335572,51,1
1102,0.0484027105517909,0.000133260443645072,0.351839237057221,0.000132316793965356,50,1
1894,0.0600193610842207,0.00670407674968505,0.400853705859527,0.00146195137276867,62,2
1751,0.0474346563407551,0.000123814673118392,0.35112168592794,0.000120000040530074,49,1
1503,0.0261374636979671,9.4224180775851e-05,0.336263020833333,9.01945362371602e-05,27,1
1081,0.0280735721200387,7.03271522530153e-05,0.336591723688498,8.03000496839452e-05,29,1
1448,0.0493707647628267,0.00168069138644545,0.350050830227042,0.000127273733811949,51,1
1322,0.0861568247821878,0.00102323654734296,0.33736120182887,0.000148077473979665,89,1
1636,0.0735721200387222,0.000519145755358845,0.331089743589744,0.000131126514259099,76,1
988,0.0387221684414327,3.70909981478354e-05,0.312084592145015,7.0545595143761e-05,40,1
1019,0.0551790900290416,0.000150999296150843,0.324740647595096,0.000110906146548535,57,1
1873,0.0387221684414327,3.43975057474956e-05,0.318041871921182,8.50937591677086e-05,40,1
1459,0.0977734753146176,0.00124745496853597,0.346179624664879,0.000172755722614214,101,2
1120,0.0484027105517909,0.000583202007816812,0.324740647595096,9.6427513828742e-05,50,1
1067,0.0726040658276864,0.00048856815214994,0.337581699346405,0.000161782781850166,75,1
1479,0.0803484995159729,0.000561999471585816,0.337692056227525,0.000175229901414971,83,1
1044,0.0261374636979671,1.72136906455721e-05,0.308358208955224,5.15917773151743e-05,27,1
637,0.0880929332042594,0.0170497950862593,0.429164935604487,0.00258088614125108,91,2
1628,0.0784123910939013,0.000937433428046462,0.339690891154226,0.000146935934049687,81,1
1423,0.0580832526621491,0.00435293131244386,0.375227025063567,0.000812711298650957,60,1
994,0.0251694094869313,0.001622156974004,0.381744271988174,0.00113234702912784,26,1
1036,0.0551790900290416,0.000183902494988025,0.326485461441214,0.000100270442965105,57,1
1475,0.0687318489835431,0.00157930541717065,0.350288233299424,0.000189964586439777,71,1
902,0.0435624394966118,1.94146881491832e-05,0.313315134971186,7.47307151444796e-05,45,1
1857,0.0696999031945789,0.000382620231369398,0.327936507936508,0.000103710966461564,72,1
1298,0.0677637947725073,0.00578483410121952,0.368928571428571,0.000812672008683972,70,1
1472,0.0861568247821878,0.0123071158111126,0.381603250831178,0.000303285870060941,89,2
1277,0.119070667957406,0.00409945033540129,0.36334857544847,0.000256737201822326,123,2
1591,0.0909970958373669,0.00548082323064846,0.348163127738456,0.000222214944075135,94,1
1611,0.0687318489835431,0.00672048267041617,0.371182177506288,0.000402153969279168,71,1
1021,0.0580832526621491,0.00301154164822583,0.352800546448087,0.000455011100837396,60,1
1462,0.0803484995159729,0.000349875747655047,0.330242966751918,0.000123062138643851,83,1
1691,0.0571151984511133,0.000175195667141253,0.322308892355694,0.000103758113777767,59,1
975,0.0513068731848984,0.000211923864384233,0.328666878778237,0.000115963803033722,53,1
1158,0.0629235237173282,0.000999779475035232,0.349458728010825,0.000135506782421289,65,1
1655,0.05324298160697,0.000118771603161034,0.321106621075536,8.58405124472157e-05,55,1
1596,0.0735721200387222,0.00246327471847498,0.331621187800963,0.00011683544094228,76,1
1279,0.0416263310745402,3.88435982572511e-05,0.317065684468999,6.13990159356345e-05,43,1
1790,0.0358180058083253,0.00169510734018232,0.342733908427339,0.0001722843576991,37,1
1426,0.0609874152952565,0.000200086450674415,0.325662042875158,0.000124394749214178,63,1
981,0.0445304937076476,2.87737509370852e-05,0.315131177547285,7.7866877504616e-05,46,1
1573,0.085188770571152,0.00115787660491326,0.34502338009352,0.000176984147593182,88,1
1190,0.0367860600193611,0.000315723023181201,0.312651331719128,6.32845948727565e-05,38,1
1235,0.102613746369797,0.0127588067430918,0.401165048543689,0.000914818092392035,106,2
1227,0.0803484995159729,0.00088334546126907,0.33484602917342,0.000148089059354239,83,1
1576,0.0629235237173282,0.000150226361727836,0.321206467661692,0.000111291291029893,65,1
1379,0.0484027105517909,3.54132316521385e-05,0.316676885346413,8.39017584952814e-05,50,1
1587,0.0503388189738625,7.22707625815091e-05,0.316773995706838,8.7117496631476e-05,52,1
1382,0.0387221684414327,4.21858381348792e-05,0.349695328368314,0.000113171866078043,40,1
1850,0.0271055179090029,0.000368320498969551,0.34114927344782,7.47963823984123e-05,28,1
1872,0.0474346563407551,0.000449684419033583,0.330877642536835,9.65851433133555e-05,49,1
1473,0.0513068731848984,0.0104658971473943,0.420945395273024,0.002399817208278,53,2
1649,0.0329138431752178,0.000140298992037471,0.329926541041201,8.25314547354979e-05,34,1
1009,0.0542110358180058,0.000253917690802001,0.328040647824706,0.000101353313034726,56,1
1704,0.0232333010648596,0.000368540811455532,0.319715258433921,6.52274317658134e-05,24,1
1063,0.0203291384317522,5.29948976487226e-06,0.322007481296758,0.00909814296102853,21,1
1651,0.00290416263310745,0,0.312462189957653,0.00179011929583174,3,1
1909,0.0387221684414327,0.00661001130181724,0.350764006791171,0.00942067983027303,40,1
1831,0.0396902226524685,0.00614635820185349,0.359554472676645,0.000419733789393683,41,1
1276,0.000968054211035818,0,0.287663603453077,0.000539512271274471,1,1
1392,0.0348499515972895,0.00014887338582767,0.332261177227404,7.40511890115247e-05,36,1
1715,0.0619554695062924,0.00474590230947268,0.36696269982238,0.000801247052506393,64,1
1221,0.0677637947725073,0.00657791983341528,0.357192254495159,0.000197690034138055,70,1
1680,0.0580832526621491,0.00647414931985572,0.380619012527634,0.000807051029147886,60,1
1015,0.0338818973862536,2.89886090488262e-05,0.310676691729323,6.90490218350655e-05,35,1
1315,0.0416263310745402,4.05042407551329e-05,0.31350531107739,8.01743192316769e-05,43,1
1100,0.0609874152952565,0.000245312042262475,0.325764742983286,0.000106019919728666,63,1
1884,0.0300096805421104,1.61738022166953e-05,0.309652278177458,6.88639618293729e-05,31,1
989,0.0329138431752178,4.6007850195878e-05,0.30993099309931,5.17813210970057e-05,34,1
1414,0.00677637947725073,4.93703697998683e-08,0.295480549199085,1.46362638053468e-05,7,1
1432,0.0522749273959342,9.95945365063885e-05,0.32031007751938,9.95407755974932e-05,54,1
1764,0.0232333010648596,1.8599303261868e-05,0.308450283666766,4.99963128965303e-05,24,1
1129,0.0571151984511133,0.000165231104024217,0.323418910457107,9.59465022962665e-05,59,1
1647,0.0474346563407551,0.000207012419494209,0.328353464717101,9.47943547898115e-05,49,1
1859,0.0435624394966118,7.64137693480038e-05,0.320707854703508,9.91710038525152e-05,45,1
1082,0.0542110358180058,7.15792161126133e-05,0.316968395213256,9.16088585231342e-05,56,1
1115,0.0338818973862536,2.29172640208307e-05,0.314363968350578,6.61852924438184e-05,35,1
1862,0.0513068731848984,0.000307579101933311,0.327313054499366,9.2682367313997e-05,53,1
1257,0.0522749273959342,0.000129928038544646,0.320210787352759,8.44082707329356e-05,54,1
1841,0.0464666021297193,8.82204348321082e-05,0.314651233627779,8.11149544844343e-05,48,1
1381,0.0251694094869313,1.28298167725421e-05,0.309188865609099,4.50446827123492e-05,26,1
1438,0.031945788964182,9.93664448393579e-06,0.304719764011799,5.96750156212593e-05,33,1
1292,0.0522749273959342,0.000205557214607938,0.325456836798992,8.16889178123665e-05,54,1
1350,0.0309777347531462,0.0018637598001834,0.353888317917095,0.000597379901279966,32,1
1635,0.031945788964182,0.000121761260172367,0.321206467661692,6.12492873995163e-05,33,1
957,0.0619554695062924,0.000955772646301808,0.344908180300501,0.000132784250442027,64,1
1413,0.0571151984511133,0.00025591674887071,0.327209375989864,0.000105285838650792,59,1
1436,0.0280735721200387,0.0107633735440617,0.41889699918897,0.0020120592750613,29,1
1903,0.0377541142303969,0.000152957213705913,0.323216520650814,8.26053208345365e-05,39,1
1682,0.0358180058083253,0.000186291903329632,0.325867507886435,7.73538264783451e-05,37,1
1060,0.0484027105517909,0.00340449539642951,0.387181409295352,0.000821709943102702,50,1
1550,0.0358180058083253,2.21752930190969e-05,0.3118961352657,5.80419728345689e-05,37,1
1592,0.0232333010648596,1.11748203875332e-05,0.303912915563401,3.54158669537267e-05,24,1
1728,0.0300096805421104,3.23862116498731e-05,0.302754982415006,5.88218522695295e-05,31,1
1229,0.0445304937076476,0.000149691841829038,0.325149512118351,7.61829666684264e-05,46,1
1366,0.0629235237173282,0.00907706078188136,0.409595559080095,0.0012054180841201,65,2
1042,0.0135527589545015,0.000162410173810024,0.334629089731131,4.97759664822789e-05,14,1
1876,0.05324298160697,0.00392646681870926,0.367354196301565,0.00016763523573568,55,1
1225,0.0280735721200387,0.000325583917580348,0.340586877678866,8.55120381962888e-05,29,1
1634,0.0358180058083253,0.00126554045215925,0.33736120182887,0.000103123284001485,37,1
1355,0.0348499515972895,0.000255340899726411,0.33736120182887,0.000115194518818754,36,1
1306,0.0242013552758954,0.000351587169804303,0.325251889168766,7.30132242786016e-05,25,1
1183,0.031945788964182,0.00220528338163053,0.38245094409478,0.000496780411448615,33,1
1569,0.0454985479186834,0.00493382527949304,0.390253116735927,0.000953420646092748,47,1
1308,0.0183930300096805,0.000330160716045196,0.308358208955224,2.86212139705402e-05,19,1
1258,0.0396902226524685,0.0040863896488016,0.382876204595997,0.00150117649965478,41,1
1310,0.0251694094869313,6.77485334229492e-05,0.330983659083627,7.66779587626033e-05,26,1
1236,0.0406582768635044,0.000873268341581669,0.33538961038961,7.88325617240618e-05,42,1
1260,0.0358180058083253,0.00024885052374321,0.34387483355526,0.000105400650639304,37,1
1492,0.0116166505324298,0.00605671616337849,0.364502470007057,0.000549967269513109,12,1
1299,0.0290416263310745,0.000242439164474205,0.341261975553353,8.22479786319648e-05,30,1
1275,0.0542110358180058,0.00108701507403916,0.357810876342224,0.000150732994696161,56,1
1051,0.0435624394966118,0.00375179992614817,0.393523809523809,0.000984011199417106,45,1
1767,0.0338818973862536,0.000503597144942988,0.35328317373461,0.000271311458176487,35,1
1496,0.0454985479186834,0.00168896386832138,0.356206896551724,0.000127983754299797,47,1
1807,0.0484027105517909,0.00418478043076867,0.416532258064516,0.00239863098006959,50,2
1131,0.0300096805421104,0.000425564119286337,0.321406347230865,5.34843812111385e-05,31,1
1482,0.0464666021297193,0.00113312765111035,0.350407055630936,0.000116433537565282,48,1
1709,0.0590513068731849,0.00414221563830052,0.373328514636791,0.000214883162942369,61,1
1246,0.0329138431752178,0.00219213150580289,0.361315145155649,0.000134598256663788,34,1
1536,0.0784123910939013,0.0164160029061638,0.392328142802886,0.000548301315808151,81,2
1141,0.0164569215876089,2.34522481190908e-05,0.307166220636337,2.78116473497837e-05,17,1
1189,0.0358180058083253,0.00469964053413499,0.371315600287563,0.000151024143964531,37,1
1504,0.0551790900290416,0.00123832786521842,0.357439446366782,0.00011887876030749,57,1
1738,0.0242013552758954,0.000238939231727328,0.362075008762706,0.000299945626886229,25,1
974,0.00968054211035818,1.81591234405498e-05,0.300290697674419,2.09844722414923e-05,10,1
1481,0.0154888673765731,0.000138215576711959,0.332475056324429,5.57652649096662e-05,16,1
1630,0.063891577928364,0.00709842156254823,0.39684978870534,0.00114439347094886,66,2
1699,0.0396902226524685,0.00199039990020304,0.383444691907944,0.000639961765008737,41,1
1304,0.0358180058083253,0.00237792993489782,0.332047573127612,7.7233092100726e-05,37,1
1667,0.0251694094869313,0.000940914360068238,0.33538961038961,3.87481882770523e-05,26,1
1093,0.00774443368828654,0.000360845040274154,0.334304207119741,9.76198316681816e-05,8,1
1444,0.0300096805421104,0.00373432568391225,0.401476875242907,0.00153747831248111,31,1
1127,0.0193610842207164,0.000970666325584565,0.317846153846154,3.16538380176018e-05,20,1
1188,0.0300096805421104,0.000114311564162333,0.331408405518126,7.92198509500506e-05,31,1
944,0.0348499515972895,0.000594583977468503,0.344333333333333,0.000101661609093743,36,1
1725,0.0484027105517909,0.00655895491372099,0.356329768885823,9.52192675859141e-05,50,1
1217,0.0445304937076476,0.00379687264340144,0.422840769545641,0.00347942775410051,46,2
1052,0.0600193610842207,0.00867878471168409,0.396088957055215,0.000891037203246387,62,2
1152,0.0154888673765731,0.000329472133856046,0.37238644556597,0.000913495634728368,16,1
1541,0.0309777347531462,0.000474826037049488,0.344333333333333,5.51519822276154e-05,32,1
1507,0.0348499515972895,0.00108893175894833,0.352319236016371,5.99995445682761e-05,36,1
1296,0.0232333010648596,0.000577214133755667,0.346644295302013,6.97095052824691e-05,24,1
1650,0.0193610842207164,0.0015275223390669,0.353767123287671,0.000479048102512563,20,1
1167,0.0261374636979671,0.000185622847888758,0.340474620962426,6.98399506048985e-05,27,1
1847,0.0242013552758954,0.00908935907490614,0.344678011344678,0.000106680533163378,25,1
1415,0.0280735721200387,0.000382703167084928,0.327624484617824,2.91491384240642e-05,29,1
1681,0.0232333010648596,0.000314464132312727,0.342393105734173,5.23677652808883e-05,24,1
1869,0.0135527589545015,2.00584532249168e-05,0.30507974010632,1.47589685233692e-05,14,1
1529,0.0396902226524685,0.00472082311086956,0.390843738176315,0.000796620265536381,41,1
1226,0.0329138431752178,0.00236409259853171,0.361948142957253,0.000206498008004849,34,1
1418,0.0193610842207164,0.00181596683270532,0.379919087899963,0.00117456127235709,20,1
1906,0.0203291384317522,0.000155824403946471,0.332154340836013,3.08942593796622e-05,21,1
1011,0.0300096805421104,0.000363164287850722,0.333656330749354,5.37420287045738e-05,31,1
1259,0.0445304937076476,0.00128934981205748,0.341713529606351,5.63369531647541e-05,46,1
1121,0.0222652468538238,0.000524973364632896,0.346760657938906,4.60930457971618e-05,23,1
1139,0.0222652468538238,8.23665197057606e-05,0.320707854703508,2.5365113004825e-05,23,1
1244,0.010648596321394,0.000296017076517449,0.325559407500788,2.57354548121759e-05,11,1
389,0.0271055179090029,0.000582094347422478,0.33736120182887,6.10324152998031e-05,28,1
1428,0.0271055179090029,0.000457011860342397,0.334412431207511,3.86248816285825e-05,28,1
1168,0.00484027105517909,1.81903394404736e-05,0.280173582858693,3.76088566731637e-06,5,1
1672,0.0232333010648596,0.000393726459357144,0.316385911179173,1.95723024344654e-05,24,1
1469,0.0542110358180058,0.0139917677503263,0.365405022992572,6.55508887344236e-05,56,1
1041,0.0454985479186834,0.000963931782890289,0.340250329380764,6.0055141415942e-05,47,1
1815,0.0222652468538238,6.40760324164792e-05,0.319715258433921,3.20078259278089e-05,23,1
949,0.021297192642788,0.000161530555569396,0.330454254638516,4.22951754815993e-05,22,1
940,0.0154888673765731,0.000179028684242822,0.323418910457107,2.6214316065585e-05,16,1
1904,0.0280735721200387,0.000296618582957767,0.325662042875158,3.49462230158776e-05,29,1
1072,0.0242013552758954,0.000245136305085224,0.305440567711413,1.70677787016803e-05,25,1
1770,0.0445304937076476,0.00140830952010602,0.353404036948341,9.877243638497e-05,46,1
1348,0.0348499515972895,0.000504454906528455,0.335171966255678,4.75096269267929e-05,36,1
1575,0.0183930300096805,0.000795322895016791,0.377834674469642,0.00114562653945352,19,1
1727,0.0300096805421104,0.0033639562117956,0.404939239513916,0.00131930842576803,31,1
1374,0.0396902226524685,0.000462846390558329,0.353524982888433,0.000344115271284808,41,1
1237,0.0571151984511133,0.010530956178104,0.401320901320901,0.00505093629331165,59,2
376,0.0309777347531462,0.000967066794347214,0.364502470007057,0.000375792116898351,32,1
1512,0.031945788964182,0.000309201179085348,0.350764006791171,0.000263120163434482,33,1
1400,0.0203291384317522,5.25720506042764e-05,0.337692056227525,0.000170853290968796,21,1
1320,0.0609874152952565,0.000833458015207747,0.367746529013884,0.000560045612117857,63,1
538,0.042594385285576,0.000438047016451236,0.362965565706254,0.000499155402896816,44,1
580,0.0600193610842207,0.000751608210100646,0.357563170647283,0.00045327780385295,62,1
1673,0.0377541142303969,0.000290875952502635,0.354009595613434,0.000349038590386129,39,1
1313,0.031945788964182,0.000134954795908027,0.348280512474713,0.000283602138640562,33,1
353,0.0590513068731849,0.0021838427656686,0.379082568807339,0.000904491858497902,61,1
1645,0.05324298160697,0.000535834931966709,0.355349157206742,0.000367847106449245,55,1
363,0.0503388189738625,0.000931795573834794,0.369853204439671,0.000498110706499211,52,1
1616,0.0474346563407551,0.00059765127184594,0.361821366024518,0.000538860105066414,49,1
651,0.0493707647628267,0.00196062426561954,0.368533713877988,0.000484899654791667,51,1
976,0.0222652468538238,3.77214251981846e-05,0.323216520650814,0.000101248215834642,23,1
1694,0.031945788964182,0.00195448347997299,0.347694378996971,0.000174757455626753,33,1
517,0.0416263310745402,0.000674042021908664,0.358058925476603,0.000466380487904854,43,1
1300,0.0290416263310745,8.24024015809797e-05,0.345254010695187,0.000211613166404029,30,1
1358,0.0735721200387222,0.00273756626159697,0.393224210125619,0.00139394304625474,76,2
1692,0.0474346563407551,0.0025625846782104,0.375227025063567,0.000647418712758399,49,1
1179,0.042594385285576,0.000299862287523795,0.360181311018131,0.000462392986193676,44,1
606,0.0687318489835431,0.0182938503831692,0.427743271221532,0.00228750789608335,71,2
1122,0.0464666021297193,0.00164145504627412,0.374275362318841,0.000958146220202741,48,1
1349,0.0396902226524685,0.000856016599856243,0.352680095595766,0.000309580519650338,41,1
1599,0.00968054211035818,0.000163491094547365,0.324027603513174,0.000566555701507219,10,1
936,0.0348499515972895,0.000195349181339715,0.350050830227042,0.000309179280010189,36,1
1155,0.042594385285576,0.00358569033406821,0.383018168335187,0.00282172145772409,44,1
1875,0.0261374636979671,0.000204906156430136,0.331621187800963,5.97368831512453e-05,27,1
1490,0.00774443368828654,1.20632462877835e-05,0.328666878778237,7.83032829736467e-05,8,1
1870,0.021297192642788,0.000156871869050288,0.341600529100529,0.000374428442727284,22,1
563,0.0183930300096805,0.00807794028011865,0.373193641618497,0.000382113039714367,19,1
1794,0.0542110358180058,0.010927712061887,0.409108910891089,0.00134787826750827,56,2
420,0.0125847047434656,0.000182042396365788,0.342847660139396,0.000135677055329078,13,1
1543,0.0309777347531462,0.000692071675985623,0.348986486486487,0.000372051366896775,32,1
1744,0.0348499515972895,0.00078218508770053,0.353162393162393,0.000294129740513849,36,1
1881,0.0503388189738625,0.00692103081953885,0.418727199027158,0.00585334099484385,52,2
1720,0.0464666021297193,0.00145256412615077,0.342847660139396,0.000126396349850989,48,1
1080,0.0571151984511133,0.00544486877772283,0.397919876733436,0.00190999886728305,59,2
1012,0.0300096805421104,0.00151290015452344,0.387326584176978,0.00149532978573333,31,1
1514,0.0329138431752178,0.000264759177911981,0.349458728010825,0.000244149211227694,34,1
1631,0.00774443368828654,2.63371934278528e-07,0.317650676506765,6.36101123163927e-05,8,1
1606,0.0290416263310745,5.55384439848482e-05,0.342847660139396,0.000224039105281505,30,1
1545,0.0406582768635044,0.0026345789126864,0.357192254495159,0.000294181074857357,42,1
1654,0.00580832526621491,3.426414818274e-05,0.322510146737434,3.78889150558676e-05,6,1
1455,0.00387221684414327,0,0.322308892355694,3.55262157228366e-05,4,1
1114,0.0358180058083253,0.00162822090800695,0.380619012527634,0.00124033345536022,37,1
1025,0.0271055179090029,0.00137195138758581,0.401945525291829,0.00151330412168089,28,1
1357,0.0290416263310745,0.00480437714277578,0.382167961524232,0.000915553234060116,30,1
1095,0.0222652468538238,0.000494948641352254,0.368665239114918,0.000961631215686712,23,1
1660,0.0222652468538238,0.00344900059511546,0.363093145869947,0.00101895981612068,23,1
1878,0.0329138431752178,8.66746193052347e-05,0.334520725388601,0.000187571350326304,34,1
1677,0.0338818973862536,0.000342619290323398,0.351599727705922,0.000371467174128814,35,1
1882,0.0484027105517909,0.000541646590033997,0.361315145155649,0.000558766697081023,50,1
1679,0.0251694094869313,0.000742561402572104,0.372924187725632,0.000839113219072479,26,1
566,0.0329138431752178,0.000736721483036042,0.380338733431517,0.000949814920245791,34,1
1464,0.0242013552758954,0.000301513487674535,0.344678011344678,0.000284868884916958,25,1
348,0.0164569215876089,0.000138519252304381,0.347577388963661,0.000251215927557014,17,1
1397,0.0145208131655373,0.000229371349119725,0.36553432413305,0.000617006986152632,15,1
414,0.0154888673765731,0.000646561382060838,0.338134206219313,9.6180243313872e-05,16,1
601,0.0135527589545015,2.92770016706848e-05,0.323216520650814,7.62520343652055e-05,14,1
1007,0.0145208131655373,0.000717230842329902,0.355349157206742,0.000221789999978547,15,1
1286,0.021297192642788,3.70805145899748e-05,0.319221260815822,4.96882183384645e-05,22,1
923,0.00677637947725073,0.000126972520624626,0.289761570827489,0.000146315208799729,7,1
1505,0.031945788964182,0.00547438280473372,0.325456836798992,0.00068801082498693,33,1
1178,0.0116166505324298,0.000326427020872675,0.302400468384075,0.000177598171964349,12,1
961,0.0116166505324298,0.000932164522650356,0.316192225283134,0.000496942392353905,12,1
1193,0.00774443368828654,0.000995653319933518,0.283557507548724,3.02450438038332e-05,8,1
1317,0.0193610842207164,0.00316659474628502,0.315035071668192,0.000531349996170932,20,1
1758,0.0183930300096805,0.00785229159588694,0.353404036948341,0.00112698881268862,19,1
996,0.00290416263310745,1.71435376823741e-05,0.259743525270304,2.91653932922165e-05,3,1
1450,0.0135527589545015,0.000451933208883031,0.308726838015541,0.000518894543900005,14,1
973,0.0164569215876089,0.000328176162181374,0.315323565323565,0.00138999978860326,17,1
990,0.010648596321394,0.000100724001174312,0.2986412257878,0.000107597809253796,11,1
1552,0.00580832526621491,0.000627701680927534,0.294805936073059,6.73114158992559e-05,6,1
1477,0.00774443368828654,0.000218008347188459,0.291972866026003,0.000164569457075866,8,1
1684,0.0135527589545015,0.00242436512150437,0.298814000578536,0.000143444088706929,14,1
1666,0.0203291384317522,0.00150371494647703,0.302754982415006,0.000445963284614638,21,1
929,0.00387221684414327,1.76104775922152e-05,0.25,1.02554435462446e-05,4,1
991,0.0174249757986447,0.00300615359979509,0.335280753002272,0.00277723787807972,18,1
1165,0.0242013552758954,0.00524602714088664,0.341600529100529,0.00144537631616972,25,1
1384,0.010648596321394,0.00132960624782412,0.301958491669103,0.000301833706341601,11,1
1098,0.021297192642788,0.00115255399247383,0.300465386852821,0.000111590351254901,22,1
1593,0.0300096805421104,0.00805954932461575,0.319715258433921,7.01857934669581e-05,31,1
1656,0.0222652468538238,0.00126242716210498,0.318041871921182,0.000809564528022848,23,1
1701,0.00580832526621491,9.91041104219542e-05,0.265348060621629,3.89479359026513e-05,6,1
1461,0.00677637947725073,7.40949363286555e-05,0.300290697674419,0.000351295489769784,7,1
1087,0.00580832526621491,0.000154221359922575,0.271699105733824,4.44125790197839e-05,6,1
1445,0.00774443368828654,0.000110502961166977,0.290658413055712,9.54485378971604e-05,8,1
1008,0.00677637947725073,0.000848233317241829,0.32261086820737,0.000121168298167951,7,1
1566,0.0183930300096805,0.00150452302153787,0.346295675494469,0.000701003256138844,19,1
1818,0.0280735721200387,0.00132206225898267,0.393523809523809,0.0037158054252116,29,1
1162,0.00677637947725073,5.4116313583072e-05,0.315035071668192,0.000512309842954283,7,1
1885,0.0261374636979671,0.000621323076836439,0.388054094665665,0.00568935244467941,27,1
1696,0.010648596321394,0.000434352625711394,0.336591723688498,0.000583601015160798,11,1
1814,0.00871248789932236,0.000168621788636697,0.3228125,0.000596147368361485,9,1
1829,0.0145208131655373,0.000373983898027888,0.334196053057263,0.00052557432179506,15,1
1731,0.00677637947725073,5.96313312195264e-06,0.308450283666766,0.000556485513861807,7,1
1897,0.0338818973862536,0.001233694778221,0.396697388632873,0.00223954090866413,35,1
1497,0.0271055179090029,0.00335394253255328,0.37549981824791,0.00581864487141628,28,1
1356,0.0183930300096805,0.000273960551493259,0.319024088943792,0.000133022598835858,19,1
1910,0.0290416263310745,0.00160854035099299,0.343303423064141,0.000301345373992798,30,1
1234,0.0135527589545015,5.64506092920225e-05,0.317553027974178,5.80678663664803e-05,14,1
1343,0.0348499515972895,0.00418158909580358,0.388930722891566,0.00174912764545409,36,1
1743,0.0242013552758954,0.000342652979424257,0.326279216677195,0.000138830385355117,25,1
1478,0.0154888673765731,8.70913213815326e-05,0.310024009603842,4.58332652793658e-05,16,1
939,0.0154888673765731,0.000791060798075511,0.313791008505468,8.86625128924692e-05,16,1
1212,0.0242013552758954,0.000793758510912879,0.337471414570402,0.000390072123993063,25,1
931,0.0135527589545015,6.44227197795697e-05,0.31716303346638,5.84827160599454e-05,14,1
1702,0.042594385285576,0.00417767877922223,0.355961405926947,0.00858883218854681,44,1
1821,0.0251694094869313,6.1459178081798e-06,0.33484602917342,0.0151196120320698,26,1
1883,0.0164569215876089,0.000403515275549994,0.324434673366834,0.00249149399534833,17,1
1262,0.000968054211035818,0,0.29700977573318,0.000699281110316563,1,1
1417,0.00387221684414327,0.000312235621136705,0.340699208443272,0.000772609352850847,4,1
1103,0.00677637947725073,2.71261990320977e-05,0.315131177547285,2.32610048817666e-05,7,1
1143,0.0125847047434656,0.000809209683944055,0.371716444764304,0.00125387246454175,13,1
1489,0.0203291384317522,2.05220182486176e-05,0.323014383989994,5.60611778472153e-05,21,1
1658,0.0174249757986447,0.000318160739524518,0.377972923527259,0.00283642273995954,18,1
986,0.00968054211035818,1.36355342369813e-05,0.287183764247984,9.71059035639784e-06,10,1
1090,0.0116166505324298,9.04512624846081e-05,0.300116211504939,1.27118888989617e-05,12,1
943,0.010648596321394,0.000123903556497828,0.312840702604482,1.70648433026698e-05,11,1
1749,0.0116166505324298,0.000213715805030478,0.293049645390071,8.2839529647034e-06,12,1
1785,0.0280735721200387,0.00296067557029004,0.348280512474713,6.55804408801373e-05,29,1
1887,0.00968054211035818,7.25610712680126e-06,0.299073537927041,1.59678996203348e-05,10,1
1342,0.00871248789932236,0.000454033583796967,0.328249126151891,0.000437483182971602,9,1
1526,0.0203291384317522,0.000299006024164604,0.349576988155668,0.000397329441797475,21,1
1911,0.0367860600193611,0.00226168870506216,0.351599727705922,0.00623640549070326,38,1
1453,0.0261374636979671,0.00289194276959758,0.372118155619597,0.00150939901179923,27,1
1069,0.0193610842207164,6.27031502789863e-06,0.320409429280397,0.00836155750676815,20,1
1337,0.0338818973862536,0.00597119734543795,0.35328317373461,0.00286191076713752,35,1
1780,0.0183930300096805,0.000321888341931992,0.340924092409241,0.00394452413246006,19,1
1626,0.0348499515972895,0.00126880305065792,0.348397976391231,0.00638371164212243,36,1
1419,0.0164569215876089,0.000858739790002991,0.323014383989994,0.000929889109246778,17,1
1440,0.0261374636979671,0.00043611605225784,0.330665813060179,0.00414244670695652,27,1
1360,0.0348499515972895,0.00263740832801243,0.317260442260442,0.000167121928854196,36,1
1585,0.0183930300096805,0.00139503522673184,0.322107888992828,0.00189416235322019,19,1
950,0.00871248789932236,9.03743964783722e-05,0.283324190894131,4.64317968381253e-05,9,1
1321,0.0232333010648596,0.000744867609369301,0.342961487383798,0.00401450218455072,24,1
908,0.0300096805421104,0.00250635371740784,0.321006836544438,0.000194214748366052,31,1
1697,0.00677637947725073,0.000392546419610659,0.320111558723272,0.00116051820057472,7,1
1150,0.0125847047434656,0.000381314127151204,0.294637763833428,0.000482939485907343,13,1
1805,0.0203291384317522,0.000148009317262906,0.333333333333333,0.00470874407504874,21,1
1567,0.0309777347531462,0.00114794708207801,0.311238324796625,9.26888484676653e-05,32,1
1045,0.010648596321394,0.00143572100218136,0.290903970712475,3.06614278802169e-05,11,1
1441,0.0145208131655373,0.000706031582247055,0.32150638032991,0.00137969704853685,15,1
1865,0.00677637947725073,1.81492626708237e-06,0.277464410421703,0.000265476600905238,7,1
1161,0.0174249757986447,0.000475114849634923,0.319913285847011,0.00086430701313281,18,1
951,0.0183930300096805,0.00147558413328618,0.322510146737434,0.000811838484839301,19,1
1537,0.0174249757986447,0.00149518028495098,0.330665813060179,0.0020671547907397,18,1
1518,0.0125847047434656,0.00102199699224641,0.338134206219313,0.00121057788844096,13,1
1602,0.010648596321394,1.03672959112133e-05,0.301166180758017,4.26699390762316e-05,11,1
1817,0.0135527589545015,9.70087203007425e-05,0.299767846778874,0.000835667188681948,14,1
1197,0.0135527589545015,0.00300766693928091,0.298900462962963,0.000330907492946229,14,1
1465,0.010648596321394,0.00102124379279665,0.32919056724028,0.00132137525360821,11,1
1434,0.0135527589545015,0.000222250146198875,0.312840702604482,0.00151524401314617,14,1
1905,0.00968054211035818,0.000158599053730001,0.306983655274889,0.00094552318081759,10,1
1564,0.0145208131655373,0.000821333714009567,0.32271165260856,0.00143859044648596,15,1
1266,0.0116166505324298,0.00100610948659966,0.312556732223903,0.000945265823924757,12,1
972,0.0193610842207164,4.92657261195936e-06,0.318532223250077,0.00836171593447443,20,1
1055,0.0125847047434656,0.000235289298265851,0.311707905853953,0.00110942338863947,13,1
1779,0.0203291384317522,0.0010497566283647,0.324434673366834,0.00269683955659338,21,1
1775,0.00677637947725073,3.99164691998935e-08,0.309745127436282,0.0028399742480508,7,1
907,0.0116166505324298,0.000403502734040367,0.340362438220758,0.00368339786035578,12,1
1249,0.0135527589545015,4.49549650458697e-05,0.310303394412737,3.04056260142512e-05,14,1
977,0.0242013552758954,0.000272314973398371,0.31716303346638,3.75230423509503e-05,25,1
1756,0.0145208131655373,5.09558460843153e-05,0.299333526514054,1.23136177394319e-05,15,1
1748,0.0116166505324298,6.52533951792978e-06,0.297351755900979,1.44096592824489e-05,12,1
1169,0.0174249757986447,0.00018430718577253,0.319024088943792,2.92050260096751e-05,18,1
965,0.0145208131655373,7.77912893018926e-05,0.33056,3.99031406042307e-05,15,1
964,0.0242013552758954,0.00243730725918329,0.351360544217687,0.000146524390361571,25,1
1097,0.0338818973862536,0.000202417860939364,0.287823906380607,1.15962640525234e-05,35,1
958,0.0222652468538238,3.45262245910885e-05,0.281701663485138,6.91552767681328e-06,23,1
1319,0.0251694094869313,2.60900191056192e-05,0.28193231441048,7.2284570988818e-06,26,1
1452,0.031945788964182,0.0014080565257153,0.292800453514739,8.47105690599123e-06,33,1
992,0.0290416263310745,0.00127788151260901,0.324740647595096,2.03872820407152e-05,30,1
1378,0.0300096805421104,4.8415360610944e-05,0.282317573107406,8.03899876569531e-06,31,1
1880,0.0300096805421104,0.000107936057142196,0.287503478986919,1.14888227862266e-05,31,1
1424,0.0174249757986447,0.00442711878114427,0.319517476028457,0.000432399960388649,18,1
1648,0.0232333010648596,3.01322904792472e-06,0.268033212247016,2.62957162148887e-06,24,1
1798,0.031945788964182,0.000151476627127415,0.287503478986919,1.15049225592934e-05,33,1
1371,0.0348499515972895,0.0186698163367631,0.376457725947522,0.000562654854914719,36,1
1837,0.0358180058083253,0.00133694274040666,0.302400468384075,2.08044812108524e-05,37,1
1895,0.0348499515972895,0.00184414908423159,0.30881913303438,1.88486320068983e-05,36,1
1118,0.0329138431752178,7.39537442363649e-05,0.282858707557503,8.19091967510124e-06,34,1
963,0.0309777347531462,0.00157454820465617,0.314459665144597,2.64136700066694e-05,32,1
1314,0.0242013552758954,0.00201232979620768,0.33538961038961,3.39280836849157e-05,25,1
1533,0.0329138431752178,0.00299956800354815,0.336372517095409,2.6166230234078e-05,34,1
1892,0.010648596321394,2.94410839803932e-07,0.266031419005923,1.34547877197262e-06,11,1
1186,0.0154888673765731,9.79332535312536e-07,0.26575765371752,1.87295607201159e-06,16,1
1747,0.0203291384317522,0.000259705153302612,0.287663603453077,1.00824001037964e-05,21,1
1363,0.0193610842207164,3.71796326412773e-05,0.280249593054802,6.99456105318482e-06,20,1
1232,0.0271055179090029,0.00110478083086796,0.292055414192819,8.09002720751761e-06,28,1
1216,0.0338818973862536,0.00185371265005466,0.325251889168766,2.06400407365824e-05,35,1
1548,0.0358180058083253,0.00349033265722759,0.317650676506765,3.00229892563585e-05,37,1
903,0.031945788964182,0.00190453926285435,0.322107888992828,1.69534974695276e-05,33,1
901,0.031945788964182,6.64817881184622e-05,0.282471971561389,8.10975085413856e-06,33,1
1568,0.0271055179090029,2.65062946917662e-05,0.28239475123018,7.69068107051705e-06,28,1
1787,0.0358180058083253,0.00808585809760346,0.352319236016371,3.58534545276226e-05,37,1
1802,0.010648596321394,1.04931484758278e-06,0.266787190082645,1.67614458665737e-06,11,1
1601,0.0300096805421104,6.92422411402321e-05,0.287343532684284,1.15443859407369e-05,31,1
1333,0.0309777347531462,4.49161062093448e-05,0.28239475123018,8.09957818187509e-06,32,1
1137,0.0271055179090029,6.10213696911387e-05,0.28177850518276,7.16716447756207e-06,28,1
1468,0.0290416263310745,6.38878199616791e-05,0.28224043715847,7.6895117362815e-06,30,1
1493,0.0242013552758954,2.73845052509919e-06,0.268102777056839,2.75190722987624e-06,25,1
938,0.0271055179090029,0.00140913944625019,0.319517476028457,1.55077764124339e-05,28,1
1733,0.0358180058083253,0.00225470699881281,0.325456836798992,2.06720420607185e-05,37,1
1133,0.00484027105517909,0.00116846669329042,0.30002904443799,0.0013502365737348,5,1
1442,0.00387221684414327,0.000772152889251454,0.292220650636492,0.00103794142426482,4,1
1771,0.0183930300096805,9.07382540044284e-06,0.332796391752577,0.00863854240597487,19,1
1085,0.0309777347531462,0.00451000184769065,0.337912986588158,0.000722101820054439,32,1
1136,0.0309777347531462,0.00359518423792917,0.318630475015423,2.99113635663658e-05,32,1
1825,0.0271055179090029,0.00208998254487606,0.31048993086865,9.08561518147602e-05,28,1
1410,0.0193610842207164,0.000184708916582381,0.288145048814505,2.07832950091054e-05,20,1
1187,0.0183930300096805,0.00195226751838183,0.319715258433921,0.000694967814725411,19,1
1307,0.0290416263310745,0.00122260779123905,0.3118961352657,9.23308089871658e-05,30,1
1866,0.0290416263310745,0.00689938274633901,0.330031948881789,6.44702093161844e-05,30,1
1687,0.0406582768635044,0.00964872588194368,0.341261975553353,0.000291773642969897,42,1
1555,0.0329138431752178,0.00209741906295235,0.313791008505468,0.000141189814704108,34,1
1705,0.0251694094869313,0.000473285054251116,0.289112790372236,2.44019571075882e-05,26,1
1803,0.0232333010648596,0.00102400547812558,0.30762358546754,6.35646037033048e-05,24,1
1719,0.0174249757986447,0.000291455155373934,0.297780340155664,3.66130765496263e-05,18,1
1511,0.0280735721200387,0.000586312200067797,0.299854862119013,0.000105024617434689,29,1
1328,0.0183930300096805,0.000807650859156679,0.282317573107406,1.9767892771216e-05,19,1
1421,0.0222652468538238,0.000593616674372787,0.293716235427922,6.02096743210942e-05,23,1
1588,0.021297192642788,0.000494479354722034,0.304809678371201,5.62004282926544e-05,22,1
1088,0.0125847047434656,0.000978077741031768,0.312178906013901,0.000211822572928873,13,1
1274,0.0232333010648596,0.00221526396147641,0.325970337645945,0.000733961082909013,24,1
1806,0.0300096805421104,0.00132724246384745,0.310957254665864,0.000209956958023253,31,1
1494,0.0242013552758954,0.00108328569595327,0.290658413055712,1.87154720426545e-05,25,1
1038,0.00387221684414327,1.54344858730053e-05,0.295142857142857,0.000370963743078281,4,1
1301,0.00484027105517909,1.34878056044466e-05,0.282549234135667,0.000167333117648206,5,1
1710,0.0135527589545015,3.62535415068671e-05,0.344908180300501,0.00510119555328999,14,1
1678,0.0164569215876089,0.00277346652817562,0.347811447811448,0.00314553496719934,17,1
1646,0.0164569215876089,0.00138081289913561,0.373463485177151,0.00321206422239462,17,1
1433,0.021297192642788,7.48715858369923e-05,0.279945799457995,2.31838836841716e-05,22,1
1033,0.0154888673765731,9.39412506576041e-05,0.283091257878871,3.73875019450765e-05,16,1
1144,0.0193610842207164,0.000212441926620854,0.270702306079665,1.14277021082358e-05,20,1
1203,0.00677637947725073,0.000669632020293766,0.272991543340381,6.16224453264659e-06,7,1
1325,0.0164569215876089,0.000175418520078874,0.284416299559471,2.83308928027038e-05,17,1
1615,0.0222652468538238,0.000571925945315614,0.30589280426414,8.82688177444098e-05,23,1
900,0.0116166505324298,0.00831515060844924,0.329295505259802,7.03774843402064e-05,12,1
1498,0.00484027105517909,5.56734849201051e-06,0.311332127787824,0.00138211087991027,5,1
1856,0.00290416263310745,0,0.294469783352338,0.000524613896281511,3,1
1220,0.00774443368828654,1.95554540046429e-05,0.321606475716065,0.00286936958342857,8,1
1346,0.00387221684414327,0,0.29455374964357,0.000540929710509349,4,1
912,0.00774443368828654,0.0013405874647304,0.317553027974178,4.13614499932526e-05,8,1
1364,0.010648596321394,0.000689365740180211,0.343531759228467,0.000461964011893048,11,1
1106,0.0251694094869313,0.00167002784375585,0.349813748730105,7.99742510254579e-05,26,1
629,0.00871248789932236,4.81448363887939e-05,0.324944951242529,5.00994513013177e-05,9,1
968,0.0377541142303969,0.0044685873517664,0.407334384858044,0.00488605843459908,39,1
1713,0.00290416263310745,0.000432718872798218,0.296924403564243,1.27523932360218e-05,3,1
1062,0.0203291384317522,0.002953214719002,0.367877492877493,0.000434300245617553,21,1
1531,0.0203291384317522,0.00319863184149026,0.374275362318841,0.000669939482401394,21,1
1241,0.0183930300096805,0.00017093313675869,0.332796391752577,4.81559915870414e-05,19,1
1739,0.0125847047434656,0.00200121575143123,0.326795317937362,1.97132785122085e-05,13,1
1664,0.00484027105517909,0.00032416888223888,0.285911984500415,3.16045246509252e-06,5,1
1422,0.0125847047434656,0.000728720060206874,0.35510484702647,0.00208299461335744,13,1
1579,0.00387221684414327,3.01544781976935e-07,0.283869194833746,5.96570598804126e-05,4,1
1708,0.00871248789932236,8.80458236162634e-05,0.275393228472407,1.31179054834803e-05,9,1
970,0.0135527589545015,0.000182526937794768,0.285280309306821,1.71397695730521e-05,14,1
1726,0.0116166505324298,0.00068454902557832,0.320707854703508,0.000785747581231205,12,1
987,0.00484027105517909,0.00213105535638269,0.325764742983286,2.50477703410574e-05,5,1
1247,0.0222652468538238,0.00140676906521292,0.372118155619597,0.000813370616434182,23,1
920,0.0116166505324298,0.00181883543022744,0.351839237057221,0.00359173692818948,12,1
1501,0.0164569215876089,0.000523679497140472,0.325149512118351,0.00487945623373441,17,1
1134,0.00968054211035818,0.000806629941945439,0.301254009915427,1.22748671158518e-05,10,1
1000,0.0145208131655373,0.00094925629946571,0.299420289855072,1.24528550101881e-05,15,1
1640,0.00677637947725073,2.2842570206295e-06,0.29147855530474,9.61966376406472e-06,7,1
1840,0.00871248789932236,0.000543303917207533,0.293465909090909,9.71452289858147e-06,9,1
1901,0.0125847047434656,0.000783835545474793,0.355716253443526,0.000612625208507147,13,1
1147,0.00387221684414327,2.18755383080785e-05,0.324638592080453,0.000127889422027947,4,1
935,0.00580832526621491,5.42182643462551e-05,0.329085696081555,0.000213342874297648,6,1
1239,0.00774443368828654,2.04679001697845e-06,0.319024088943792,0.00364787286110971,8,1
1151,0.00484027105517909,0.000120354177791437,0.31609547123623,0.00084523243853512,5,1
1562,0.00871248789932236,0.0051468332350889,0.317065684468999,0.0017493712806054,9,1
1784,0.0154888673765731,0.000469933150648992,0.29131415679639,7.07643945883823e-06,16,1
1629,0.0203291384317522,0.000717487088837439,0.303288314738696,1.10806235023379e-05,21,1
1896,0.00774443368828654,0.000914256442716593,0.300552807681117,2.20510809340478e-05,8,1
1177,0.0135527589545015,0.00473035042102851,0.325149512118351,4.71998815850284e-05,14,1
1889,0.0135527589545015,0.0050712792867374,0.306983655274889,1.94559828931606e-05,14,1
1022,0.00290416263310745,1.17584194419402e-05,0.335171966255678,0.000709147867737028,3,1
1641,0.0125847047434656,0.000959656051109637,0.315902140672783,0.000453847401090418,13,1
1838,0.00484027105517909,2.17840143534151e-05,0.243459816167806,5.31761567375265e-06,5,1
1762,0.00290416263310745,0,0.300378016865368,2.21716763279744e-05,3,1
1443,0.00774443368828654,7.67985898310944e-06,0.300552807681117,2.93879503920792e-05,8,1
1094,0.00968054211035818,8.60588031478015e-05,0.315612587839902,3.57264814637465e-05,10,1
1372,0.00580832526621491,0,0.278661990828163,1.16013999993633e-05,6,1
1760,0.00193610842207164,0.00131965317580935,0.283635365183965,3.75840820261312e-06,2,1
1693,0.00193610842207164,6.05862593044998e-05,0.232448244824482,4.30324014048844e-08,2,1
1213,0.0183930300096805,0.000191660416329971,0.312556732223903,1.33320811078335e-05,19,1
1251,0.010648596321394,9.42187772024237e-06,0.262315896394109,7.15081658787797e-06,11,1
1174,0.0164569215876089,6.28284190772961e-05,0.26105635582512,6.61442618518461e-06,17,1
1073,0.00871248789932236,0.000673040563677904,0.305440567711413,0.000600946159898385,9,1
928,0.00774443368828654,6.667942366098e-07,0.241693963500234,1.47644748826581e-06,8,1
1676,0.0145208131655373,0.000306368053540734,0.265279917822291,6.77077245962432e-06,15,1
909,0.010648596321394,0.00391082452987804,0.317846153846154,2.24212984956885e-05,11,1
1385,0.0135527589545015,0.00048137589116502,0.350525958601968,0.000338173207685012,14,1
1061,0.00871248789932236,3.33726043278264e-05,0.256200396825397,3.36637576567111e-06,9,1
1050,0.00968054211035818,0.000293449378469495,0.264059304703476,0.000101962281318045,10,1
1005,0.0125847047434656,7.50207513206521e-06,0.301605839416058,8.06139745841452e-06,13,1
1855,0.00484027105517909,5.09758519534814e-05,0.303466509988249,1.48699186171818e-05,5,1
1089,0.0125847047434656,0.000136423835254145,0.295649685174585,6.67948955983609e-06,13,1
1034,0.00193610842207164,0,0.266787190082645,5.2743140358254e-05,2,1
1263,0.00484027105517909,0.000336214143764644,0.348633142085724,0.000533082666976521,5,1
1711,0.00387221684414327,0.00193610842207164,0.31322013341419,0.00043333556933512,4,1
1248,0.00677637947725073,0.000660515381424193,0.31322013341419,6.3795491663085e-05,7,1
1808,0.0125847047434656,0.00555890918803525,0.355961405926947,0.00057608198622454,13,1
905,0.0154888673765731,0.000262074529105984,0.343989343989344,0.000241156257141492,16,1
1853,0.010648596321394,6.10001841123895e-06,0.329926541041201,0.000186523897365847,11,1
1023,0.00774443368828654,0.000970129148115429,0.305802249851983,0.000389904265875643,8,1
1218,0.00968054211035818,0.000983934653960458,0.284651419123726,1.57779077328571e-05,10,1
1777,0.00387221684414327,1.80297357389199e-06,0.286785119378123,9.2886246491322e-06,4,1
1755,0.000968054211035818,0,0.249215922798552,1.05188323785415e-06,1,1
914,0.0145208131655373,7.22849665640599e-05,0.339356110381078,0.000241177245298895,15,1
1031,0.00290416263310745,4.75843910619718e-06,0.26244918699187,1.62555447507631e-05,3,1
1362,0.00193610842207164,0,0.270277341705913,9.89227439809485e-07,2,1
1354,0.00387221684414327,0.000134892504610239,0.298554913294798,9.01481824495285e-06,4,1
1058,0.00580832526621491,0.000120060152127491,0.2883058889199,0.000448197000178581,6,1
1194,0.00290416263310745,0.00386846469603848,0.267477990678405,4.46406278972172e-06,3,1
1233,0.000968054211035818,0,0.283791208791209,8.63318516436383e-06,1,1
1043,0.010648596321394,0.00059321951459014,0.277464410421703,6.40064694809664e-06,11,1
955,0.00871248789932236,5.15039194148298e-05,0.264871794871795,3.73440616721879e-06,9,1
1030,0.00968054211035818,0.00407967608557095,0.299420289855072,4.41540364436609e-05,10,1
1368,0.00871248789932236,5.15039194148298e-05,0.264871794871795,3.73440616721025e-06,9,1
1111,0.00774443368828654,1.69205450480504e-05,0.264059304703476,3.63656644974702e-06,8,1
1788,0.00871248789932236,5.45064990184289e-05,0.268590743629745,6.06649244144964e-06,9,1
1254,0.00484027105517909,0.000619672997971384,0.266925064599483,1.21531785954589e-05,5,1
1690,0.000968054211035818,0,0.281855388813097,4.44994921911816e-06,1,1
1908,0.00871248789932236,0.000324349404458985,0.292138009049774,0.000121028837894237,9,1
1295,0.00387221684414327,7.87004279487445e-05,0.268172377985462,1.36928272626811e-06,4,1
1154,0.00774443368828654,0.000237462365813377,0.295649685174585,1.36016732610602e-05,8,1
1797,0.00387221684414327,0.00193621864368988,0.30507974010632,0.00114761662252705,4,1
1759,0.00484027105517909,1.5136506559096e-06,0.253434739941119,1.29590782283039e-06,5,1
985,0.00580832526621491,3.18554186860898e-06,0.25792759051186,2.0037260921821e-06,6,1
1506,0.00677637947725073,7.00692617411894e-07,0.306892453951277,9.43468674031995e-05,7,1
1521,0.00484027105517909,0,0.275246469491074,0.000281167709691165,5,1
1642,0.0125847047434656,0.00240059338708743,0.300203429235687,0.000151515543587826,13,1
945,0.00290416263310745,0,0.265484451297867,2.21539291883421e-06,3,1
956,0.00871248789932236,0.000445800774656232,0.266856109532421,1.37118212742225e-06,9,1
1499,0.010648596321394,0.00095940456235395,0.281318082788671,1.57570681505284e-05,11,1
1016,0.00774443368828654,0,0.259482542074856,1.12948068583769e-06,8,1
979,0.00871248789932236,0.000161442864093475,0.276943699731903,1.5212873807849e-05,9,1
1403,0.00774443368828654,0,0.259482542074856,1.12948068583733e-06,8,1
1138,0.0125847047434656,0.00125556426343972,0.29288347037142,2.32647945581967e-05,13,1
649,0.00290416263310745,0.000148514816518315,0.281241491968418,5.36331593688954e-06,3,1
1510,0.00290416263310745,3.60653796228372e-06,0.290903970712475,7.89573099813598e-06,3,1
1474,0.00290416263310745,3.75214810478999e-07,0.232867448151488,2.79529224042795e-07,3,1
1176,0.000968054211035818,0,0.258314578644661,1.80347044289678e-06,1,1
1546,0.00193610842207164,0,0.237854017959936,2.85784995364018e-07,2,1
1057,0.00387221684414327,0.00120891519556063,0.309466746554823,9.23396759406042e-06,4,1
937,0.00580832526621491,1.91047498188344e-05,0.276350989834136,2.54615696631289e-06,6,1
1430,0.000968054211035818,0,0.26644312612845,8.26975844727367e-06,1,1
1822,0.010648596321394,1.52712699426801e-05,0.260267069790879,0.000117591927617936,11,1
1394,0.000968054211035818,0,0.210344125432702,1.25296009077983e-08,1,1
1240,0.00580832526621491,0.00284347100771742,0.266305748904357,1.54383709258371e-06,6,1
1353,0.00193610842207164,0.000437254361222155,0.280554046713743,7.44305234725255e-06,2,1
1792,0.00484027105517909,2.061206947955e-05,0.275981832754475,6.15375462306818e-05,5,1
1395,0.000968054211035818,0,0.259743525270304,7.64571334148053e-05,1,1
1157,0.00387221684414327,4.99671770580794e-06,0.263318888605659,0.0001443881549043,4,1
1383,0.00290416263310745,0,0.261254425897825,0.000105105870392579,3,1
1053,0.00677637947725073,0.0015980448293012,0.315709046454768,2.36199523134582e-05,7,1
1486,0.00387221684414327,0,0.259287148594378,1.15985129911573e-05,4,1
1264,0.00387221684414327,2.50194236105354e-05,0.264939728135419,8.71797257244959e-07,4,1
1558,0.000968054211035818,0,0.248975656784767,2.32211307840741e-05,1,1
1046,0.00193610842207164,0,0.211117923564276,3.65262532093844e-08,2,1
1586,0.00193610842207164,0,0.211117923564276,3.65262532130583e-08,2,1
1252,0.00193610842207164,0,0.236872277000688,4.56982758144303e-07,2,1
1776,0.00387221684414327,0,0.268311688311688,5.09377960154908e-06,4,1
910,0.00387221684414327,0,0.268311688311688,5.09377960154295e-06,4,1
1657,0.00387221684414327,0,0.268311688311688,5.09377960154849e-06,4,1
1890,0.00484027105517909,0.00965427707362465,0.270844257996854,7.49551660350103e-05,5,1
58,0.00290416263310745,0.000136689506655763,0.248317307692308,1.28058933649878e-06,3,1
1607,0.00387221684414327,4.47522340926303e-05,0.260595358224016,4.71252413862099e-07,4,1
1476,0.00387221684414327,1.87927554298694e-05,0.25613687081577,3.03128512918317e-05,4,1
0,0.00193610842207164,0,0.231044509058376,1.25786171108842e-07,2,1
904,0.00193610842207164,0.00193610842207164,0.231096196868009,1.15400659295444e-07,2,1
1208,0.00193610842207164,0,0.175859720803541,9.95634295815032e-09,2,1
1105,0.00290416263310745,0.00096711617400962,0.213297542845344,6.13386318907243e-07,3,1
1002,0.00290416263310745,0.00096711617400962,0.213297542845344,6.13386318906899e-07,3,1
1854,0.000968054211035818,0,0.233816206428248,9.31392200970542e-06,1,1
1065,0.000968054211035818,0,0.246362985928929,1.59990658039622e-07,1,1
1270,0.000968054211035818,0,0.238568129330254,3.51690069452817e-06,1,1
1027,0.00193610842207164,0,0.213209494324045,6.13304853234559e-07,2,1
1627,0.00193610842207164,0,0.213209494324045,6.13304853229981e-07,2,1
899,0.00193610842207164,0,0.23088958426464,1.93821727413548e-05,2,1
1224,0.000968054211035818,0,0.187749909123955,9.36578226629833e-10,1,1
